origin,destination,carrier,departure,arrival,carrier_eta
CNSHA,USA,STANDARD_CLASS,2016-04-01,2016-04-05,2016-04-05
CNSHA,USA,STANDARD_CLASS,2016-04-01,2016-04-03,2016-04-05
CNSHA,USA,STANDARD_CLASS,2016-04-01,2016-04-06,2016-04-05
CNSHA,USA,FIRST_CLASS,2016-04-02,2016-04-04,2016-04-03
CNSHA,USA,STANDARD_CLASS,2016-04-02,2016-04-07,2016-04-06
CNSHA,USA,STANDARD_CLASS,2016-04-02,2016-04-05,2016-04-06
CNSHA,USA,STANDARD_CLASS,2016-04-02,2016-04-04,2016-04-06
CNSHA,USA,STANDARD_CLASS,2016-04-02,2016-04-05,2016-04-06
CNSHA,USA,STANDARD_CLASS,2016-04-02,2016-04-08,2016-04-06
CNSHA,USA,STANDARD_CLASS,2016-04-02,2016-04-07,2016-04-06
CNSHA,USA,STANDARD_CLASS,2016-04-02,2016-04-07,2016-04-06
CNSHA,USA,STANDARD_CLASS,2016-04-02,2016-04-06,2016-04-06
CNSHA,USA,STANDARD_CLASS,2016-04-02,2016-04-08,2016-04-06
CNSHA,USA,STANDARD_CLASS,2016-04-02,2016-04-07,2016-04-06
CNSHA,USA,STANDARD_CLASS,2016-04-02,2016-04-04,2016-04-06
CNSHA,USA,FIRST_CLASS,2016-04-02,2016-04-04,2016-04-03
CNSHA,USA,STANDARD_CLASS,2016-04-02,2016-04-07,2016-04-06
CNSHA,USA,STANDARD_CLASS,2016-04-02,2016-04-07,2016-04-06
CNSHA,USA,SECOND_CLASS,2016-04-02,2016-04-08,2016-04-04
CNSHA,USA,SECOND_CLASS,2016-04-02,2016-04-08,2016-04-04
CNSHA,USA,STANDARD_CLASS,2016-04-02,2016-04-05,2016-04-06
CNSHA,USA,FIRST_CLASS,2016-04-02,2016-04-04,2016-04-03
CNSHA,USA,STANDARD_CLASS,2016-04-02,2016-04-07,2016-04-06
CNSHA,USA,STANDARD_CLASS,2016-04-02,2016-04-07,2016-04-06
CNSHA,USA,STANDARD_CLASS,2016-04-02,2016-04-05,2016-04-06
CNSHA,USA,STANDARD_CLASS,2016-04-02,2016-04-07,2016-04-06
CNSHA,USA,STANDARD_CLASS,2016-04-02,2016-04-07,2016-04-06
CNSHA,USA,STANDARD_CLASS,2016-04-02,2016-04-04,2016-04-06
CNSHA,USA,STANDARD_CLASS,2016-04-02,2016-04-04,2016-04-06
CNSHA,USA,FIRST_CLASS,2016-04-03,2016-04-05,2016-04-04
CNSHA,USA,SECOND_CLASS,2016-04-03,2016-04-06,2016-04-05
CNSHA,USA,FIRST_CLASS,2016-04-03,2016-04-05,2016-04-04
CNSHA,USA,SECOND_CLASS,2016-04-03,2016-04-05,2016-04-05
CNSHA,USA,SECOND_CLASS,2016-04-03,2016-04-05,2016-04-05
CNSHA,USA,STANDARD_CLASS,2016-04-03,2016-04-07,2016-04-07
CNSHA,USA,STANDARD_CLASS,2016-04-03,2016-04-08,2016-04-07
CNSHA,USA,STANDARD_CLASS,2016-04-03,2016-04-06,2016-04-07
CNSHA,USA,STANDARD_CLASS,2016-04-03,2016-04-09,2016-04-07
CNSHA,USA,STANDARD_CLASS,2016-04-03,2016-04-09,2016-04-07
CNSHA,USA,FIRST_CLASS,2016-04-03,2016-04-05,2016-04-04
CNSHA,USA,FIRST_CLASS,2016-04-03,2016-04-05,2016-04-04
CNSHA,USA,FIRST_CLASS,2016-04-03,2016-04-05,2016-04-04
CNSHA,USA,STANDARD_CLASS,2016-04-03,2016-04-08,2016-04-07
CNSHA,USA,STANDARD_CLASS,2016-04-03,2016-04-06,2016-04-07
CNSHA,USA,STANDARD_CLASS,2016-04-03,2016-04-06,2016-04-07
CNSHA,USA,FIRST_CLASS,2016-04-03,2016-04-05,2016-04-04
CNSHA,USA,FIRST_CLASS,2016-04-03,2016-04-05,2016-04-04
CNSHA,USA,STANDARD_CLASS,2016-04-03,2016-04-09,2016-04-07
CNSHA,USA,STANDARD_CLASS,2016-04-03,2016-04-07,2016-04-07
CNSHA,USA,STANDARD_CLASS,2016-04-03,2016-04-08,2016-04-07
CNSHA,USA,FIRST_CLASS,2016-04-03,2016-04-05,2016-04-04
CNSHA,USA,FIRST_CLASS,2016-04-03,2016-04-05,2016-04-04
CNSHA,USA,FIRST_CLASS,2016-04-03,2016-04-05,2016-04-04
CNSHA,USA,STANDARD_CLASS,2016-04-03,2016-04-05,2016-04-07
CNSHA,USA,STANDARD_CLASS,2016-04-03,2016-04-09,2016-04-07
CNSHA,USA,FIRST_CLASS,2016-04-03,2016-04-05,2016-04-04
CNSHA,USA,FIRST_CLASS,2016-04-03,2016-04-05,2016-04-04
CNSHA,USA,STANDARD_CLASS,2016-04-03,2016-04-06,2016-04-07
CNSHA,USA,FIRST_CLASS,2016-04-03,2016-04-05,2016-04-04
CNSHA,USA,STANDARD_CLASS,2016-04-03,2016-04-06,2016-04-07
CNSHA,USA,STANDARD_CLASS,2016-04-03,2016-04-09,2016-04-07
CNSHA,USA,SECOND_CLASS,2016-04-04,2016-04-10,2016-04-06
CNSHA,USA,SECOND_CLASS,2016-04-04,2016-04-08,2016-04-06
CNSHA,USA,FIRST_CLASS,2016-04-04,2016-04-06,2016-04-05
CNSHA,USA,SECOND_CLASS,2016-04-04,2016-04-09,2016-04-06
CNSHA,USA,SECOND_CLASS,2016-04-04,2016-04-09,2016-04-06
CNSHA,USA,SECOND_CLASS,2016-04-04,2016-04-06,2016-04-06
CNSHA,USA,STANDARD_CLASS,2016-04-04,2016-04-06,2016-04-08
CNSHA,USA,STANDARD_CLASS,2016-04-04,2016-04-10,2016-04-08
CNSHA,USA,FIRST_CLASS,2016-04-04,2016-04-06,2016-04-05
CNSHA,USA,STANDARD_CLASS,2016-04-04,2016-04-06,2016-04-08
CNSHA,USA,STANDARD_CLASS,2016-04-04,2016-04-07,2016-04-08
CNSHA,USA,STANDARD_CLASS,2016-04-04,2016-04-07,2016-04-08
CNSHA,USA,FIRST_CLASS,2016-04-04,2016-04-06,2016-04-05
CNSHA,USA,STANDARD_CLASS,2016-04-04,2016-04-06,2016-04-08
CNSHA,USA,SECOND_CLASS,2016-04-04,2016-04-06,2016-04-06
CNSHA,USA,STANDARD_CLASS,2016-04-04,2016-04-09,2016-04-08
CNSHA,USA,SECOND_CLASS,2016-04-04,2016-04-07,2016-04-06
CNSHA,USA,STANDARD_CLASS,2016-04-04,2016-04-09,2016-04-08
CNSHA,USA,SECOND_CLASS,2016-04-04,2016-04-10,2016-04-06
CNSHA,USA,SECOND_CLASS,2016-04-04,2016-04-06,2016-04-06
CNSHA,USA,STANDARD_CLASS,2016-04-04,2016-04-07,2016-04-08
CNSHA,USA,SAME_DAY,2016-04-04,2016-04-04,2016-04-04
CNSHA,USA,FIRST_CLASS,2016-04-04,2016-04-06,2016-04-05
CNSHA,USA,SECOND_CLASS,2016-04-04,2016-04-06,2016-04-06
CNSHA,USA,FIRST_CLASS,2016-04-04,2016-04-06,2016-04-05
CNSHA,USA,FIRST_CLASS,2016-04-04,2016-04-06,2016-04-05
CNSHA,USA,SECOND_CLASS,2016-04-04,2016-04-07,2016-04-06
CNSHA,USA,SECOND_CLASS,2016-04-04,2016-04-09,2016-04-06
CNSHA,USA,STANDARD_CLASS,2016-04-05,2016-04-10,2016-04-09
CNSHA,USA,FIRST_CLASS,2016-04-05,2016-04-07,2016-04-06
CNSHA,USA,FIRST_CLASS,2016-04-05,2016-04-07,2016-04-06
CNSHA,USA,STANDARD_CLASS,2016-04-05,2016-04-11,2016-04-09
CNSHA,USA,SECOND_CLASS,2016-04-05,2016-04-07,2016-04-07
CNSHA,USA,STANDARD_CLASS,2016-04-05,2016-04-10,2016-04-09
CNSHA,USA,STANDARD_CLASS,2016-04-05,2016-04-09,2016-04-09
CNSHA,USA,SECOND_CLASS,2016-04-05,2016-04-10,2016-04-07
CNSHA,USA,SECOND_CLASS,2016-04-05,2016-04-09,2016-04-07
CNSHA,USA,SECOND_CLASS,2016-04-05,2016-04-08,2016-04-07
CNSHA,USA,STANDARD_CLASS,2016-04-05,2016-04-07,2016-04-09
CNSHA,USA,STANDARD_CLASS,2016-04-05,2016-04-11,2016-04-09
CNSHA,USA,STANDARD_CLASS,2016-04-05,2016-04-11,2016-04-09
CNSHA,USA,SECOND_CLASS,2016-04-05,2016-04-10,2016-04-07
CNSHA,USA,SECOND_CLASS,2016-04-05,2016-04-08,2016-04-07
CNSHA,USA,SECOND_CLASS,2016-04-05,2016-04-07,2016-04-07
CNSHA,USA,FIRST_CLASS,2016-04-05,2016-04-07,2016-04-06
CNSHA,USA,STANDARD_CLASS,2016-04-05,2016-04-08,2016-04-09
CNSHA,USA,STANDARD_CLASS,2016-04-05,2016-04-08,2016-04-09
CNSHA,USA,STANDARD_CLASS,2016-04-05,2016-04-09,2016-04-09
CNSHA,USA,SECOND_CLASS,2016-04-05,2016-04-07,2016-04-07
CNSHA,USA,SECOND_CLASS,2016-04-05,2016-04-07,2016-04-07
CNSHA,USA,STANDARD_CLASS,2016-04-05,2016-04-10,2016-04-09
CNSHA,USA,SECOND_CLASS,2016-04-05,2016-04-09,2016-04-07
CNSHA,USA,STANDARD_CLASS,2016-04-06,2016-04-08,2016-04-10
CNSHA,USA,STANDARD_CLASS,2016-04-06,2016-04-11,2016-04-10
CNSHA,USA,STANDARD_CLASS,2016-04-06,2016-04-08,2016-04-10
CNSHA,USA,STANDARD_CLASS,2016-04-06,2016-04-08,2016-04-10
CNSHA,USA,STANDARD_CLASS,2016-04-06,2016-04-10,2016-04-10
CNSHA,USA,STANDARD_CLASS,2016-04-06,2016-04-10,2016-04-10
CNSHA,USA,STANDARD_CLASS,2016-04-06,2016-04-08,2016-04-10
CNSHA,USA,STANDARD_CLASS,2016-04-06,2016-04-10,2016-04-10
CNSHA,USA,STANDARD_CLASS,2016-04-06,2016-04-10,2016-04-10
CNSHA,USA,STANDARD_CLASS,2016-04-06,2016-04-11,2016-04-10
CNSHA,USA,STANDARD_CLASS,2016-04-06,2016-04-08,2016-04-10
CNSHA,USA,STANDARD_CLASS,2016-04-06,2016-04-10,2016-04-10
CNSHA,USA,STANDARD_CLASS,2016-04-06,2016-04-12,2016-04-10
CNSHA,USA,FIRST_CLASS,2016-04-06,2016-04-08,2016-04-07
CNSHA,USA,STANDARD_CLASS,2016-04-06,2016-04-12,2016-04-10
CNSHA,USA,STANDARD_CLASS,2016-04-06,2016-04-12,2016-04-10
CNSHA,USA,SECOND_CLASS,2016-04-06,2016-04-11,2016-04-08
CNSHA,USA,STANDARD_CLASS,2016-04-06,2016-04-10,2016-04-10
CNSHA,USA,STANDARD_CLASS,2016-04-06,2016-04-10,2016-04-10
CNSHA,USA,STANDARD_CLASS,2016-04-06,2016-04-10,2016-04-10
CNSHA,USA,STANDARD_CLASS,2016-04-06,2016-04-09,2016-04-10
CNSHA,USA,STANDARD_CLASS,2016-04-06,2016-04-08,2016-04-10
CNSHA,USA,STANDARD_CLASS,2016-04-06,2016-04-10,2016-04-10
CNSHA,USA,STANDARD_CLASS,2016-04-06,2016-04-11,2016-04-10
CNSHA,USA,STANDARD_CLASS,2016-04-06,2016-04-11,2016-04-10
CNSHA,USA,STANDARD_CLASS,2016-04-07,2016-04-12,2016-04-11
CNSHA,USA,STANDARD_CLASS,2016-04-07,2016-04-11,2016-04-11
CNSHA,USA,FIRST_CLASS,2016-04-07,2016-04-09,2016-04-08
CNSHA,USA,STANDARD_CLASS,2016-04-07,2016-04-09,2016-04-11
CNSHA,USA,SECOND_CLASS,2016-04-07,2016-04-09,2016-04-09
CNSHA,USA,STANDARD_CLASS,2016-04-07,2016-04-10,2016-04-11
CNSHA,USA,FIRST_CLASS,2016-04-07,2016-04-09,2016-04-08
CNSHA,USA,SECOND_CLASS,2016-04-07,2016-04-13,2016-04-09
CNSHA,USA,STANDARD_CLASS,2016-04-07,2016-04-10,2016-04-11
CNSHA,USA,SAME_DAY,2016-04-07,2016-04-08,2016-04-07
CNSHA,USA,FIRST_CLASS,2016-04-07,2016-04-09,2016-04-08
CNSHA,USA,STANDARD_CLASS,2016-04-07,2016-04-12,2016-04-11
CNSHA,USA,STANDARD_CLASS,2016-04-07,2016-04-09,2016-04-11
CNSHA,USA,SECOND_CLASS,2016-04-07,2016-04-13,2016-04-09
CNSHA,USA,STANDARD_CLASS,2016-04-07,2016-04-10,2016-04-11
CNSHA,USA,STANDARD_CLASS,2016-04-07,2016-04-11,2016-04-11
CNSHA,USA,STANDARD_CLASS,2016-04-07,2016-04-11,2016-04-11
CNSHA,USA,STANDARD_CLASS,2016-04-07,2016-04-12,2016-04-11
CNSHA,USA,STANDARD_CLASS,2016-04-07,2016-04-11,2016-04-11
CNSHA,USA,STANDARD_CLASS,2016-04-07,2016-04-10,2016-04-11
CNSHA,USA,STANDARD_CLASS,2016-04-07,2016-04-11,2016-04-11
CNSHA,USA,STANDARD_CLASS,2016-04-07,2016-04-09,2016-04-11
CNSHA,USA,STANDARD_CLASS,2016-04-07,2016-04-11,2016-04-11
CNSHA,USA,FIRST_CLASS,2016-04-07,2016-04-09,2016-04-08
CNSHA,USA,STANDARD_CLASS,2016-04-07,2016-04-09,2016-04-11
CNSHA,USA,STANDARD_CLASS,2016-04-08,2016-04-13,2016-04-12
CNSHA,USA,STANDARD_CLASS,2016-04-08,2016-04-14,2016-04-12
CNSHA,USA,STANDARD_CLASS,2016-04-08,2016-04-11,2016-04-12
CNSHA,USA,STANDARD_CLASS,2016-04-08,2016-04-11,2016-04-12
CNSHA,USA,FIRST_CLASS,2016-04-08,2016-04-10,2016-04-09
CNSHA,USA,STANDARD_CLASS,2016-04-08,2016-04-12,2016-04-12
CNSHA,USA,SECOND_CLASS,2016-04-08,2016-04-14,2016-04-10
CNSHA,USA,FIRST_CLASS,2016-04-08,2016-04-10,2016-04-09
CNSHA,USA,STANDARD_CLASS,2016-04-08,2016-04-13,2016-04-12
CNSHA,USA,SECOND_CLASS,2016-04-08,2016-04-12,2016-04-10
CNSHA,USA,STANDARD_CLASS,2016-04-08,2016-04-14,2016-04-12
CNSHA,USA,STANDARD_CLASS,2016-04-08,2016-04-12,2016-04-12
CNSHA,USA,STANDARD_CLASS,2016-04-08,2016-04-10,2016-04-12
CNSHA,USA,SAME_DAY,2016-04-08,2016-04-08,2016-04-08
CNSHA,USA,STANDARD_CLASS,2016-04-08,2016-04-11,2016-04-12
CNSHA,USA,STANDARD_CLASS,2016-04-08,2016-04-11,2016-04-12
CNSHA,USA,SECOND_CLASS,2016-04-08,2016-04-10,2016-04-10
CNSHA,USA,FIRST_CLASS,2016-04-08,2016-04-10,2016-04-09
CNSHA,USA,SECOND_CLASS,2016-04-08,2016-04-14,2016-04-10
CNSHA,USA,STANDARD_CLASS,2016-04-08,2016-04-14,2016-04-12
CNSHA,USA,STANDARD_CLASS,2016-04-08,2016-04-14,2016-04-12
CNSHA,USA,STANDARD_CLASS,2016-04-08,2016-04-12,2016-04-12
CNSHA,USA,SAME_DAY,2016-04-08,2016-04-08,2016-04-08
CNSHA,USA,STANDARD_CLASS,2016-04-08,2016-04-11,2016-04-12
CNSHA,USA,FIRST_CLASS,2016-04-08,2016-04-10,2016-04-09
CNSHA,USA,SECOND_CLASS,2016-04-08,2016-04-10,2016-04-10
CNSHA,USA,STANDARD_CLASS,2016-04-09,2016-04-11,2016-04-13
CNSHA,USA,STANDARD_CLASS,2016-04-09,2016-04-15,2016-04-13
CNSHA,USA,STANDARD_CLASS,2016-04-09,2016-04-12,2016-04-13
CNSHA,USA,STANDARD_CLASS,2016-04-09,2016-04-12,2016-04-13
CNSHA,USA,STANDARD_CLASS,2016-04-09,2016-04-11,2016-04-13
CNSHA,USA,STANDARD_CLASS,2016-04-09,2016-04-15,2016-04-13
CNSHA,USA,FIRST_CLASS,2016-04-09,2016-04-11,2016-04-10
CNSHA,USA,STANDARD_CLASS,2016-04-09,2016-04-15,2016-04-13
CNSHA,USA,STANDARD_CLASS,2016-04-09,2016-04-15,2016-04-13
CNSHA,USA,STANDARD_CLASS,2016-04-09,2016-04-12,2016-04-13
CNSHA,USA,SECOND_CLASS,2016-04-09,2016-04-14,2016-04-11
CNSHA,USA,FIRST_CLASS,2016-04-09,2016-04-11,2016-04-10
CNSHA,USA,FIRST_CLASS,2016-04-09,2016-04-11,2016-04-10
CNSHA,USA,FIRST_CLASS,2016-04-09,2016-04-11,2016-04-10
CNSHA,USA,STANDARD_CLASS,2016-04-09,2016-04-12,2016-04-13
CNSHA,USA,STANDARD_CLASS,2016-04-09,2016-04-12,2016-04-13
CNSHA,USA,STANDARD_CLASS,2016-04-09,2016-04-14,2016-04-13
CNSHA,USA,STANDARD_CLASS,2016-04-09,2016-04-11,2016-04-13
CNSHA,USA,STANDARD_CLASS,2016-04-09,2016-04-11,2016-04-13
CNSHA,USA,STANDARD_CLASS,2016-04-09,2016-04-13,2016-04-13
CNSHA,USA,STANDARD_CLASS,2016-04-09,2016-04-15,2016-04-13
CNSHA,USA,STANDARD_CLASS,2016-04-09,2016-04-12,2016-04-13
CNSHA,USA,FIRST_CLASS,2016-04-09,2016-04-11,2016-04-10
CNSHA,USA,STANDARD_CLASS,2016-04-09,2016-04-12,2016-04-13
CNSHA,USA,FIRST_CLASS,2016-04-09,2016-04-11,2016-04-10
CNSHA,USA,STANDARD_CLASS,2016-04-09,2016-04-15,2016-04-13
CNSHA,USA,STANDARD_CLASS,2016-04-09,2016-04-14,2016-04-13
CNSHA,USA,STANDARD_CLASS,2016-04-09,2016-04-12,2016-04-13
CNSHA,USA,STANDARD_CLASS,2016-04-09,2016-04-11,2016-04-13
CNSHA,USA,STANDARD_CLASS,2016-04-10,2016-04-12,2016-04-14
CNSHA,USA,SECOND_CLASS,2016-04-10,2016-04-14,2016-04-12
CNSHA,USA,STANDARD_CLASS,2016-04-10,2016-04-13,2016-04-14
CNSHA,USA,SECOND_CLASS,2016-04-10,2016-04-14,2016-04-12
CNSHA,USA,STANDARD_CLASS,2016-04-10,2016-04-16,2016-04-14
CNSHA,USA,STANDARD_CLASS,2016-04-10,2016-04-13,2016-04-14
CNSHA,USA,SECOND_CLASS,2016-04-10,2016-04-15,2016-04-12
CNSHA,USA,STANDARD_CLASS,2016-04-10,2016-04-15,2016-04-14
CNSHA,USA,STANDARD_CLASS,2016-04-10,2016-04-12,2016-04-14
CNSHA,USA,STANDARD_CLASS,2016-04-10,2016-04-12,2016-04-14
CNSHA,USA,STANDARD_CLASS,2016-04-10,2016-04-16,2016-04-14
CNSHA,USA,STANDARD_CLASS,2016-04-10,2016-04-12,2016-04-14
CNSHA,USA,SAME_DAY,2016-04-10,2016-04-11,2016-04-10
CNSHA,USA,STANDARD_CLASS,2016-04-10,2016-04-15,2016-04-14
CNSHA,USA,SECOND_CLASS,2016-04-10,2016-04-14,2016-04-12
CNSHA,USA,STANDARD_CLASS,2016-04-10,2016-04-13,2016-04-14
CNSHA,USA,SAME_DAY,2016-04-10,2016-04-11,2016-04-10
CNSHA,USA,STANDARD_CLASS,2016-04-10,2016-04-13,2016-04-14
CNSHA,USA,STANDARD_CLASS,2016-04-10,2016-04-12,2016-04-14
CNSHA,USA,STANDARD_CLASS,2016-04-10,2016-04-16,2016-04-14
CNSHA,USA,SAME_DAY,2016-04-10,2016-04-11,2016-04-10
CNSHA,USA,STANDARD_CLASS,2016-04-10,2016-04-14,2016-04-14
CNSHA,USA,FIRST_CLASS,2016-04-10,2016-04-12,2016-04-11
CNSHA,USA,SAME_DAY,2016-04-10,2016-04-11,2016-04-10
CNSHA,USA,STANDARD_CLASS,2016-04-10,2016-04-16,2016-04-14
CNSHA,USA,STANDARD_CLASS,2016-04-10,2016-04-13,2016-04-14
CNSHA,USA,FIRST_CLASS,2016-04-10,2016-04-12,2016-04-11
CNSHA,USA,STANDARD_CLASS,2016-04-10,2016-04-16,2016-04-14
CNSHA,USA,STANDARD_CLASS,2016-04-10,2016-04-14,2016-04-14
CNSHA,USA,STANDARD_CLASS,2016-04-10,2016-04-15,2016-04-14
CNSHA,USA,SAME_DAY,2016-04-11,2016-04-11,2016-04-11
CNSHA,USA,STANDARD_CLASS,2016-04-11,2016-04-16,2016-04-15
CNSHA,USA,SECOND_CLASS,2016-04-11,2016-04-16,2016-04-13
CNSHA,USA,STANDARD_CLASS,2016-04-11,2016-04-17,2016-04-15
CNSHA,USA,STANDARD_CLASS,2016-04-11,2016-04-17,2016-04-15
CNSHA,USA,STANDARD_CLASS,2016-04-11,2016-04-14,2016-04-15
CNSHA,USA,SECOND_CLASS,2016-04-11,2016-04-14,2016-04-13
CNSHA,USA,SAME_DAY,2016-04-11,2016-04-11,2016-04-11
CNSHA,USA,STANDARD_CLASS,2016-04-11,2016-04-15,2016-04-15
CNSHA,USA,FIRST_CLASS,2016-04-11,2016-04-13,2016-04-12
CNSHA,USA,FIRST_CLASS,2016-04-11,2016-04-13,2016-04-12
CNSHA,USA,FIRST_CLASS,2016-04-11,2016-04-13,2016-04-12
CNSHA,USA,STANDARD_CLASS,2016-04-11,2016-04-15,2016-04-15
CNSHA,USA,SECOND_CLASS,2016-04-11,2016-04-16,2016-04-13
CNSHA,USA,FIRST_CLASS,2016-04-11,2016-04-13,2016-04-12
CNSHA,USA,STANDARD_CLASS,2016-04-11,2016-04-13,2016-04-15
CNSHA,USA,STANDARD_CLASS,2016-04-11,2016-04-13,2016-04-15
CNSHA,USA,SECOND_CLASS,2016-04-11,2016-04-15,2016-04-13
CNSHA,USA,FIRST_CLASS,2016-04-11,2016-04-13,2016-04-12
CNSHA,USA,STANDARD_CLASS,2016-04-11,2016-04-15,2016-04-15
CNSHA,USA,FIRST_CLASS,2016-04-11,2016-04-13,2016-04-12
CNSHA,USA,FIRST_CLASS,2016-04-11,2016-04-13,2016-04-12
CNSHA,USA,FIRST_CLASS,2016-04-11,2016-04-13,2016-04-12
CNSHA,USA,STANDARD_CLASS,2016-04-11,2016-04-14,2016-04-15
CNSHA,USA,STANDARD_CLASS,2016-04-11,2016-04-13,2016-04-15
CNSHA,USA,SECOND_CLASS,2016-04-11,2016-04-15,2016-04-13
CNSHA,USA,STANDARD_CLASS,2016-04-11,2016-04-15,2016-04-15
CNSHA,USA,STANDARD_CLASS,2016-04-11,2016-04-13,2016-04-15
CNSHA,USA,STANDARD_CLASS,2016-04-11,2016-04-17,2016-04-15
CNSHA,USA,FIRST_CLASS,2016-04-11,2016-04-13,2016-04-12
CNSHA,USA,FIRST_CLASS,2016-04-11,2016-04-13,2016-04-12
CNSHA,USA,STANDARD_CLASS,2016-04-11,2016-04-17,2016-04-15
CNSHA,USA,STANDARD_CLASS,2016-04-12,2016-04-15,2016-04-16
CNSHA,USA,SECOND_CLASS,2016-04-12,2016-04-17,2016-04-14
CNSHA,USA,STANDARD_CLASS,2016-04-12,2016-04-18,2016-04-16
CNSHA,USA,STANDARD_CLASS,2016-04-12,2016-04-17,2016-04-16
CNSHA,USA,SECOND_CLASS,2016-04-12,2016-04-16,2016-04-14
CNSHA,USA,STANDARD_CLASS,2016-04-12,2016-04-16,2016-04-16
CNSHA,USA,SAME_DAY,2016-04-12,2016-04-12,2016-04-12
CNSHA,USA,FIRST_CLASS,2016-04-12,2016-04-14,2016-04-13
CNSHA,USA,STANDARD_CLASS,2016-04-12,2016-04-14,2016-04-16
CNSHA,USA,STANDARD_CLASS,2016-04-12,2016-04-14,2016-04-16
CNSHA,USA,STANDARD_CLASS,2016-04-12,2016-04-16,2016-04-16
CNSHA,USA,FIRST_CLASS,2016-04-12,2016-04-14,2016-04-13
CNSHA,USA,STANDARD_CLASS,2016-04-12,2016-04-18,2016-04-16
CNSHA,USA,STANDARD_CLASS,2016-04-12,2016-04-18,2016-04-16
CNSHA,USA,STANDARD_CLASS,2016-04-12,2016-04-18,2016-04-16
CNSHA,USA,FIRST_CLASS,2016-04-12,2016-04-14,2016-04-13
CNSHA,USA,STANDARD_CLASS,2016-04-12,2016-04-18,2016-04-16
CNSHA,USA,STANDARD_CLASS,2016-04-12,2016-04-16,2016-04-16
CNSHA,USA,STANDARD_CLASS,2016-04-12,2016-04-15,2016-04-16
CNSHA,USA,STANDARD_CLASS,2016-04-12,2016-04-17,2016-04-16
CNSHA,USA,FIRST_CLASS,2016-04-12,2016-04-14,2016-04-13
CNSHA,USA,STANDARD_CLASS,2016-04-12,2016-04-18,2016-04-16
CNSHA,USA,STANDARD_CLASS,2016-04-12,2016-04-17,2016-04-16
CNSHA,USA,STANDARD_CLASS,2016-04-13,2016-04-16,2016-04-17
CNSHA,USA,STANDARD_CLASS,2016-04-13,2016-04-19,2016-04-17
CNSHA,USA,STANDARD_CLASS,2016-04-13,2016-04-17,2016-04-17
CNSHA,USA,STANDARD_CLASS,2016-04-13,2016-04-17,2016-04-17
CNSHA,USA,STANDARD_CLASS,2016-04-13,2016-04-18,2016-04-17
CNSHA,USA,STANDARD_CLASS,2016-04-13,2016-04-18,2016-04-17
CNSHA,USA,SECOND_CLASS,2016-04-13,2016-04-17,2016-04-15
CNSHA,USA,STANDARD_CLASS,2016-04-13,2016-04-17,2016-04-17
CNSHA,USA,STANDARD_CLASS,2016-04-13,2016-04-15,2016-04-17
CNSHA,USA,SECOND_CLASS,2016-04-13,2016-04-17,2016-04-15
CNSHA,USA,STANDARD_CLASS,2016-04-13,2016-04-15,2016-04-17
CNSHA,USA,SAME_DAY,2016-04-13,2016-04-13,2016-04-13
CNSHA,USA,STANDARD_CLASS,2016-04-13,2016-04-17,2016-04-17
CNSHA,USA,SAME_DAY,2016-04-13,2016-04-14,2016-04-13
CNSHA,USA,STANDARD_CLASS,2016-04-13,2016-04-16,2016-04-17
CNSHA,USA,SECOND_CLASS,2016-04-13,2016-04-16,2016-04-15
CNSHA,USA,SECOND_CLASS,2016-04-13,2016-04-15,2016-04-15
CNSHA,USA,STANDARD_CLASS,2016-04-13,2016-04-17,2016-04-17
CNSHA,USA,STANDARD_CLASS,2016-04-13,2016-04-19,2016-04-17
CNSHA,USA,STANDARD_CLASS,2016-04-13,2016-04-16,2016-04-17
CNSHA,USA,STANDARD_CLASS,2016-04-13,2016-04-17,2016-04-17
CNSHA,USA,SECOND_CLASS,2016-04-13,2016-04-17,2016-04-15
CNSHA,USA,SECOND_CLASS,2016-04-13,2016-04-19,2016-04-15
CNSHA,USA,STANDARD_CLASS,2016-04-13,2016-04-15,2016-04-17
CNSHA,USA,STANDARD_CLASS,2016-04-13,2016-04-19,2016-04-17
CNSHA,USA,FIRST_CLASS,2016-04-13,2016-04-15,2016-04-14
CNSHA,USA,SAME_DAY,2016-04-13,2016-04-14,2016-04-13
CNSHA,USA,STANDARD_CLASS,2016-04-14,2016-04-17,2016-04-18
CNSHA,USA,SECOND_CLASS,2016-04-14,2016-04-20,2016-04-16
CNSHA,USA,SAME_DAY,2016-04-14,2016-04-15,2016-04-14
CNSHA,USA,STANDARD_CLASS,2016-04-14,2016-04-16,2016-04-18
CNSHA,USA,STANDARD_CLASS,2016-04-14,2016-04-16,2016-04-18
CNSHA,USA,SAME_DAY,2016-04-14,2016-04-15,2016-04-14
CNSHA,USA,STANDARD_CLASS,2016-04-14,2016-04-19,2016-04-18
CNSHA,USA,STANDARD_CLASS,2016-04-14,2016-04-17,2016-04-18
CNSHA,USA,STANDARD_CLASS,2016-04-14,2016-04-19,2016-04-18
CNSHA,USA,STANDARD_CLASS,2016-04-14,2016-04-16,2016-04-18
CNSHA,USA,STANDARD_CLASS,2016-04-14,2016-04-19,2016-04-18
CNSHA,USA,SECOND_CLASS,2016-04-14,2016-04-20,2016-04-16
CNSHA,USA,SECOND_CLASS,2016-04-14,2016-04-20,2016-04-16
CNSHA,USA,STANDARD_CLASS,2016-04-14,2016-04-18,2016-04-18
CNSHA,USA,STANDARD_CLASS,2016-04-14,2016-04-20,2016-04-18
CNSHA,USA,SECOND_CLASS,2016-04-14,2016-04-16,2016-04-16
CNSHA,USA,STANDARD_CLASS,2016-04-14,2016-04-20,2016-04-18
CNSHA,USA,STANDARD_CLASS,2016-04-14,2016-04-18,2016-04-18
CNSHA,USA,STANDARD_CLASS,2016-04-14,2016-04-19,2016-04-18
CNSHA,USA,SECOND_CLASS,2016-04-14,2016-04-16,2016-04-16
CNSHA,USA,STANDARD_CLASS,2016-04-14,2016-04-18,2016-04-18
CNSHA,USA,STANDARD_CLASS,2016-04-14,2016-04-16,2016-04-18
CNSHA,USA,STANDARD_CLASS,2016-04-14,2016-04-17,2016-04-18
CNSHA,USA,FIRST_CLASS,2016-04-14,2016-04-16,2016-04-15
CNSHA,USA,STANDARD_CLASS,2016-04-14,2016-04-19,2016-04-18
CNSHA,USA,STANDARD_CLASS,2016-04-14,2016-04-19,2016-04-18
CNSHA,USA,STANDARD_CLASS,2016-04-14,2016-04-20,2016-04-18
CNSHA,USA,SECOND_CLASS,2016-04-14,2016-04-17,2016-04-16
CNSHA,USA,SECOND_CLASS,2016-04-14,2016-04-17,2016-04-16
CNSHA,USA,STANDARD_CLASS,2016-04-14,2016-04-20,2016-04-18
CNSHA,USA,STANDARD_CLASS,2016-04-14,2016-04-18,2016-04-18
CNSHA,USA,STANDARD_CLASS,2016-04-14,2016-04-18,2016-04-18
CNSHA,USA,STANDARD_CLASS,2016-04-14,2016-04-17,2016-04-18
CNSHA,USA,STANDARD_CLASS,2016-04-14,2016-04-19,2016-04-18
CNSHA,USA,FIRST_CLASS,2016-04-14,2016-04-16,2016-04-15
CNSHA,USA,STANDARD_CLASS,2016-04-14,2016-04-16,2016-04-18
CNSHA,USA,STANDARD_CLASS,2016-04-14,2016-04-16,2016-04-18
CNSHA,USA,FIRST_CLASS,2016-04-15,2016-04-17,2016-04-16
CNSHA,USA,STANDARD_CLASS,2016-04-15,2016-04-20,2016-04-19
CNSHA,USA,FIRST_CLASS,2016-04-15,2016-04-17,2016-04-16
CNSHA,USA,FIRST_CLASS,2016-04-15,2016-04-17,2016-04-16
CNSHA,USA,FIRST_CLASS,2016-04-15,2016-04-17,2016-04-16
CNSHA,USA,STANDARD_CLASS,2016-04-15,2016-04-21,2016-04-19
CNSHA,USA,STANDARD_CLASS,2016-04-15,2016-04-21,2016-04-19
CNSHA,USA,STANDARD_CLASS,2016-04-15,2016-04-21,2016-04-19
CNSHA,USA,SECOND_CLASS,2016-04-15,2016-04-19,2016-04-17
CNSHA,USA,FIRST_CLASS,2016-04-15,2016-04-17,2016-04-16
CNSHA,USA,FIRST_CLASS,2016-04-15,2016-04-17,2016-04-16
CNSHA,USA,STANDARD_CLASS,2016-04-15,2016-04-21,2016-04-19
CNSHA,USA,SAME_DAY,2016-04-15,2016-04-16,2016-04-15
CNSHA,USA,SECOND_CLASS,2016-04-15,2016-04-20,2016-04-17
CNSHA,USA,SECOND_CLASS,2016-04-15,2016-04-20,2016-04-17
CNSHA,USA,FIRST_CLASS,2016-04-15,2016-04-17,2016-04-16
CNSHA,USA,FIRST_CLASS,2016-04-15,2016-04-17,2016-04-16
CNSHA,USA,FIRST_CLASS,2016-04-15,2016-04-17,2016-04-16
CNSHA,USA,STANDARD_CLASS,2016-04-15,2016-04-21,2016-04-19
CNSHA,USA,STANDARD_CLASS,2016-04-15,2016-04-18,2016-04-19
CNSHA,USA,STANDARD_CLASS,2016-04-15,2016-04-19,2016-04-19
CNSHA,USA,SECOND_CLASS,2016-04-15,2016-04-21,2016-04-17
CNSHA,USA,FIRST_CLASS,2016-04-15,2016-04-17,2016-04-16
CNSHA,USA,STANDARD_CLASS,2016-04-15,2016-04-20,2016-04-19
CNSHA,USA,FIRST_CLASS,2016-04-15,2016-04-17,2016-04-16
CNSHA,USA,STANDARD_CLASS,2016-04-15,2016-04-18,2016-04-19
CNSHA,USA,SECOND_CLASS,2016-04-15,2016-04-19,2016-04-17
CNSHA,USA,FIRST_CLASS,2016-04-15,2016-04-17,2016-04-16
CNSHA,USA,SECOND_CLASS,2016-04-15,2016-04-17,2016-04-17
CNSHA,USA,SECOND_CLASS,2016-04-16,2016-04-21,2016-04-18
CNSHA,USA,STANDARD_CLASS,2016-04-16,2016-04-19,2016-04-20
CNSHA,USA,STANDARD_CLASS,2016-04-16,2016-04-18,2016-04-20
CNSHA,USA,SECOND_CLASS,2016-04-16,2016-04-21,2016-04-18
CNSHA,USA,SECOND_CLASS,2016-04-16,2016-04-21,2016-04-18
CNSHA,USA,STANDARD_CLASS,2016-04-16,2016-04-20,2016-04-20
CNSHA,USA,STANDARD_CLASS,2016-04-16,2016-04-19,2016-04-20
CNSHA,USA,STANDARD_CLASS,2016-04-16,2016-04-19,2016-04-20
CNSHA,USA,SECOND_CLASS,2016-04-16,2016-04-21,2016-04-18
CNSHA,USA,FIRST_CLASS,2016-04-16,2016-04-18,2016-04-17
CNSHA,USA,STANDARD_CLASS,2016-04-16,2016-04-18,2016-04-20
CNSHA,USA,STANDARD_CLASS,2016-04-16,2016-04-19,2016-04-20
CNSHA,USA,STANDARD_CLASS,2016-04-16,2016-04-21,2016-04-20
CNSHA,USA,STANDARD_CLASS,2016-04-16,2016-04-18,2016-04-20
CNSHA,USA,STANDARD_CLASS,2016-04-16,2016-04-22,2016-04-20
CNSHA,USA,FIRST_CLASS,2016-04-16,2016-04-18,2016-04-17
CNSHA,USA,SECOND_CLASS,2016-04-16,2016-04-21,2016-04-18
CNSHA,USA,STANDARD_CLASS,2016-04-16,2016-04-18,2016-04-20
CNSHA,USA,SECOND_CLASS,2016-04-16,2016-04-21,2016-04-18
CNSHA,USA,SECOND_CLASS,2016-04-16,2016-04-22,2016-04-18
CNSHA,USA,STANDARD_CLASS,2016-04-16,2016-04-22,2016-04-20
CNSHA,USA,STANDARD_CLASS,2016-04-16,2016-04-18,2016-04-20
CNSHA,USA,STANDARD_CLASS,2016-04-16,2016-04-19,2016-04-20
CNSHA,USA,STANDARD_CLASS,2016-04-16,2016-04-22,2016-04-20
CNSHA,USA,STANDARD_CLASS,2016-04-16,2016-04-22,2016-04-20
CNSHA,USA,STANDARD_CLASS,2016-04-16,2016-04-19,2016-04-20
CNSHA,USA,STANDARD_CLASS,2016-04-16,2016-04-20,2016-04-20
CNSHA,USA,SECOND_CLASS,2016-04-16,2016-04-22,2016-04-18
CNSHA,USA,STANDARD_CLASS,2016-04-16,2016-04-22,2016-04-20
CNSHA,USA,STANDARD_CLASS,2016-04-16,2016-04-18,2016-04-20
CNSHA,USA,STANDARD_CLASS,2016-04-16,2016-04-20,2016-04-20
CNSHA,USA,SECOND_CLASS,2016-04-16,2016-04-18,2016-04-18
CNSHA,USA,FIRST_CLASS,2016-04-17,2016-04-19,2016-04-18
CNSHA,USA,STANDARD_CLASS,2016-04-17,2016-04-22,2016-04-21
CNSHA,USA,STANDARD_CLASS,2016-04-17,2016-04-20,2016-04-21
CNSHA,USA,SECOND_CLASS,2016-04-17,2016-04-19,2016-04-19
CNSHA,USA,STANDARD_CLASS,2016-04-17,2016-04-21,2016-04-21
CNSHA,USA,STANDARD_CLASS,2016-04-17,2016-04-21,2016-04-21
CNSHA,USA,STANDARD_CLASS,2016-04-17,2016-04-20,2016-04-21
CNSHA,USA,FIRST_CLASS,2016-04-17,2016-04-19,2016-04-18
CNSHA,USA,STANDARD_CLASS,2016-04-17,2016-04-19,2016-04-21
CNSHA,USA,FIRST_CLASS,2016-04-17,2016-04-19,2016-04-18
CNSHA,USA,FIRST_CLASS,2016-04-17,2016-04-19,2016-04-18
CNSHA,USA,FIRST_CLASS,2016-04-17,2016-04-19,2016-04-18
CNSHA,USA,SECOND_CLASS,2016-04-17,2016-04-20,2016-04-19
CNSHA,USA,SECOND_CLASS,2016-04-17,2016-04-19,2016-04-19
CNSHA,USA,FIRST_CLASS,2016-04-17,2016-04-19,2016-04-18
CNSHA,USA,STANDARD_CLASS,2016-04-17,2016-04-20,2016-04-21
CNSHA,USA,FIRST_CLASS,2016-04-17,2016-04-19,2016-04-18
CNSHA,USA,STANDARD_CLASS,2016-04-17,2016-04-23,2016-04-21
CNSHA,USA,STANDARD_CLASS,2016-04-17,2016-04-19,2016-04-21
CNSHA,USA,STANDARD_CLASS,2016-04-17,2016-04-19,2016-04-21
CNSHA,USA,STANDARD_CLASS,2016-04-17,2016-04-23,2016-04-21
CNSHA,USA,SECOND_CLASS,2016-04-17,2016-04-19,2016-04-19
CNSHA,USA,STANDARD_CLASS,2016-04-17,2016-04-22,2016-04-21
CNSHA,USA,SECOND_CLASS,2016-04-17,2016-04-20,2016-04-19
CNSHA,USA,FIRST_CLASS,2016-04-17,2016-04-19,2016-04-18
CNSHA,USA,STANDARD_CLASS,2016-04-17,2016-04-23,2016-04-21
CNSHA,USA,STANDARD_CLASS,2016-04-17,2016-04-23,2016-04-21
CNSHA,USA,SECOND_CLASS,2016-04-17,2016-04-23,2016-04-19
CNSHA,USA,STANDARD_CLASS,2016-04-17,2016-04-23,2016-04-21
CNSHA,USA,STANDARD_CLASS,2016-04-17,2016-04-22,2016-04-21
CNSHA,USA,STANDARD_CLASS,2016-04-17,2016-04-19,2016-04-21
CNSHA,USA,STANDARD_CLASS,2016-04-17,2016-04-21,2016-04-21
CNSHA,USA,SAME_DAY,2016-04-18,2016-04-18,2016-04-18
CNSHA,USA,FIRST_CLASS,2016-04-18,2016-04-20,2016-04-19
CNSHA,USA,SAME_DAY,2016-04-18,2016-04-19,2016-04-18
CNSHA,USA,STANDARD_CLASS,2016-04-18,2016-04-23,2016-04-22
CNSHA,USA,FIRST_CLASS,2016-04-18,2016-04-20,2016-04-19
CNSHA,USA,STANDARD_CLASS,2016-04-18,2016-04-21,2016-04-22
CNSHA,USA,STANDARD_CLASS,2016-04-18,2016-04-22,2016-04-22
CNSHA,USA,SAME_DAY,2016-04-18,2016-04-18,2016-04-18
CNSHA,USA,STANDARD_CLASS,2016-04-18,2016-04-24,2016-04-22
CNSHA,USA,SECOND_CLASS,2016-04-18,2016-04-24,2016-04-20
CNSHA,USA,STANDARD_CLASS,2016-04-18,2016-04-22,2016-04-22
CNSHA,USA,SAME_DAY,2016-04-18,2016-04-18,2016-04-18
CNSHA,USA,STANDARD_CLASS,2016-04-18,2016-04-22,2016-04-22
CNSHA,USA,STANDARD_CLASS,2016-04-18,2016-04-23,2016-04-22
CNSHA,USA,SAME_DAY,2016-04-18,2016-04-18,2016-04-18
CNSHA,USA,FIRST_CLASS,2016-04-18,2016-04-20,2016-04-19
CNSHA,USA,STANDARD_CLASS,2016-04-18,2016-04-21,2016-04-22
CNSHA,USA,FIRST_CLASS,2016-04-18,2016-04-20,2016-04-19
CNSHA,USA,STANDARD_CLASS,2016-04-18,2016-04-24,2016-04-22
CNSHA,USA,SECOND_CLASS,2016-04-18,2016-04-20,2016-04-20
CNSHA,USA,SAME_DAY,2016-04-18,2016-04-19,2016-04-18
CNSHA,USA,STANDARD_CLASS,2016-04-18,2016-04-22,2016-04-22
CNSHA,USA,SECOND_CLASS,2016-04-18,2016-04-21,2016-04-20
CNSHA,USA,STANDARD_CLASS,2016-04-18,2016-04-23,2016-04-22
CNSHA,USA,STANDARD_CLASS,2016-04-18,2016-04-20,2016-04-22
CNSHA,USA,STANDARD_CLASS,2016-04-18,2016-04-22,2016-04-22
CNSHA,USA,STANDARD_CLASS,2016-04-18,2016-04-20,2016-04-22
CNSHA,USA,STANDARD_CLASS,2016-04-19,2016-04-22,2016-04-23
CNSHA,USA,STANDARD_CLASS,2016-04-19,2016-04-25,2016-04-23
CNSHA,USA,STANDARD_CLASS,2016-04-19,2016-04-21,2016-04-23
CNSHA,USA,SECOND_CLASS,2016-04-19,2016-04-24,2016-04-21
CNSHA,USA,STANDARD_CLASS,2016-04-19,2016-04-23,2016-04-23
CNSHA,USA,STANDARD_CLASS,2016-04-19,2016-04-22,2016-04-23
CNSHA,USA,SECOND_CLASS,2016-04-19,2016-04-25,2016-04-21
CNSHA,USA,STANDARD_CLASS,2016-04-19,2016-04-22,2016-04-23
CNSHA,USA,STANDARD_CLASS,2016-04-19,2016-04-25,2016-04-23
CNSHA,USA,SECOND_CLASS,2016-04-19,2016-04-21,2016-04-21
CNSHA,USA,STANDARD_CLASS,2016-04-19,2016-04-21,2016-04-23
CNSHA,USA,SECOND_CLASS,2016-04-19,2016-04-21,2016-04-21
CNSHA,USA,STANDARD_CLASS,2016-04-19,2016-04-25,2016-04-23
CNSHA,USA,STANDARD_CLASS,2016-04-19,2016-04-23,2016-04-23
CNSHA,USA,SECOND_CLASS,2016-04-19,2016-04-24,2016-04-21
CNSHA,USA,FIRST_CLASS,2016-04-19,2016-04-21,2016-04-20
CNSHA,USA,STANDARD_CLASS,2016-04-19,2016-04-23,2016-04-23
CNSHA,USA,STANDARD_CLASS,2016-04-19,2016-04-21,2016-04-23
CNSHA,USA,STANDARD_CLASS,2016-04-19,2016-04-24,2016-04-23
CNSHA,USA,SECOND_CLASS,2016-04-19,2016-04-25,2016-04-21
CNSHA,USA,STANDARD_CLASS,2016-04-19,2016-04-23,2016-04-23
CNSHA,USA,STANDARD_CLASS,2016-04-19,2016-04-23,2016-04-23
CNSHA,USA,STANDARD_CLASS,2016-04-19,2016-04-22,2016-04-23
CNSHA,USA,STANDARD_CLASS,2016-04-19,2016-04-24,2016-04-23
CNSHA,USA,STANDARD_CLASS,2016-04-20,2016-04-22,2016-04-24
CNSHA,USA,SECOND_CLASS,2016-04-20,2016-04-24,2016-04-22
CNSHA,USA,STANDARD_CLASS,2016-04-20,2016-04-25,2016-04-24
CNSHA,USA,STANDARD_CLASS,2016-04-20,2016-04-24,2016-04-24
CNSHA,USA,SECOND_CLASS,2016-04-20,2016-04-24,2016-04-22
CNSHA,USA,SECOND_CLASS,2016-04-20,2016-04-23,2016-04-22
CNSHA,USA,STANDARD_CLASS,2016-04-20,2016-04-22,2016-04-24
CNSHA,USA,SECOND_CLASS,2016-04-20,2016-04-23,2016-04-22
CNSHA,USA,STANDARD_CLASS,2016-04-20,2016-04-23,2016-04-24
CNSHA,USA,STANDARD_CLASS,2016-04-20,2016-04-24,2016-04-24
CNSHA,USA,SECOND_CLASS,2016-04-20,2016-04-23,2016-04-22
CNSHA,USA,STANDARD_CLASS,2016-04-20,2016-04-25,2016-04-24
CNSHA,USA,STANDARD_CLASS,2016-04-20,2016-04-23,2016-04-24
CNSHA,USA,SECOND_CLASS,2016-04-20,2016-04-26,2016-04-22
CNSHA,USA,STANDARD_CLASS,2016-04-20,2016-04-22,2016-04-24
CNSHA,USA,SECOND_CLASS,2016-04-20,2016-04-26,2016-04-22
CNSHA,USA,STANDARD_CLASS,2016-04-20,2016-04-26,2016-04-24
CNSHA,USA,STANDARD_CLASS,2016-04-20,2016-04-22,2016-04-24
CNSHA,USA,SECOND_CLASS,2016-04-20,2016-04-25,2016-04-22
CNSHA,USA,STANDARD_CLASS,2016-04-20,2016-04-26,2016-04-24
CNSHA,USA,STANDARD_CLASS,2016-04-20,2016-04-24,2016-04-24
CNSHA,USA,STANDARD_CLASS,2016-04-20,2016-04-22,2016-04-24
CNSHA,USA,STANDARD_CLASS,2016-04-20,2016-04-25,2016-04-24
CNSHA,USA,STANDARD_CLASS,2016-04-20,2016-04-26,2016-04-24
CNSHA,USA,FIRST_CLASS,2016-04-20,2016-04-22,2016-04-21
CNSHA,USA,SAME_DAY,2016-04-20,2016-04-20,2016-04-20
CNSHA,USA,STANDARD_CLASS,2016-04-20,2016-04-24,2016-04-24
CNSHA,USA,STANDARD_CLASS,2016-04-20,2016-04-25,2016-04-24
CNSHA,USA,STANDARD_CLASS,2016-04-20,2016-04-23,2016-04-24
CNSHA,USA,STANDARD_CLASS,2016-04-20,2016-04-25,2016-04-24
CNSHA,USA,STANDARD_CLASS,2016-04-20,2016-04-25,2016-04-24
CNSHA,USA,STANDARD_CLASS,2016-04-20,2016-04-23,2016-04-24
CNSHA,USA,SECOND_CLASS,2016-04-20,2016-04-22,2016-04-22
CNSHA,USA,SECOND_CLASS,2016-04-20,2016-04-23,2016-04-22
CNSHA,USA,FIRST_CLASS,2016-04-21,2016-04-23,2016-04-22
CNSHA,USA,STANDARD_CLASS,2016-04-21,2016-04-25,2016-04-25
CNSHA,USA,SECOND_CLASS,2016-04-21,2016-04-27,2016-04-23
CNSHA,USA,FIRST_CLASS,2016-04-21,2016-04-23,2016-04-22
CNSHA,USA,STANDARD_CLASS,2016-04-21,2016-04-23,2016-04-25
CNSHA,USA,SECOND_CLASS,2016-04-21,2016-04-27,2016-04-23
CNSHA,USA,FIRST_CLASS,2016-04-21,2016-04-23,2016-04-22
CNSHA,USA,STANDARD_CLASS,2016-04-21,2016-04-26,2016-04-25
CNSHA,USA,FIRST_CLASS,2016-04-21,2016-04-23,2016-04-22
CNSHA,USA,FIRST_CLASS,2016-04-21,2016-04-23,2016-04-22
CNSHA,USA,SECOND_CLASS,2016-04-21,2016-04-24,2016-04-23
CNSHA,USA,STANDARD_CLASS,2016-04-21,2016-04-23,2016-04-25
CNSHA,USA,SECOND_CLASS,2016-04-21,2016-04-27,2016-04-23
CNSHA,USA,STANDARD_CLASS,2016-04-21,2016-04-24,2016-04-25
CNSHA,USA,STANDARD_CLASS,2016-04-21,2016-04-26,2016-04-25
CNSHA,USA,STANDARD_CLASS,2016-04-21,2016-04-23,2016-04-25
CNSHA,USA,STANDARD_CLASS,2016-04-21,2016-04-27,2016-04-25
CNSHA,USA,STANDARD_CLASS,2016-04-21,2016-04-24,2016-04-25
CNSHA,USA,SECOND_CLASS,2016-04-21,2016-04-24,2016-04-23
CNSHA,USA,SECOND_CLASS,2016-04-21,2016-04-27,2016-04-23
CNSHA,USA,SECOND_CLASS,2016-04-21,2016-04-26,2016-04-23
CNSHA,USA,SECOND_CLASS,2016-04-21,2016-04-26,2016-04-23
CNSHA,USA,FIRST_CLASS,2016-04-21,2016-04-23,2016-04-22
CNSHA,USA,FIRST_CLASS,2016-04-21,2016-04-23,2016-04-22
CNSHA,USA,FIRST_CLASS,2016-04-21,2016-04-23,2016-04-22
CNSHA,USA,SECOND_CLASS,2016-04-21,2016-04-27,2016-04-23
CNSHA,USA,STANDARD_CLASS,2016-04-21,2016-04-24,2016-04-25
CNSHA,USA,FIRST_CLASS,2016-04-21,2016-04-23,2016-04-22
CNSHA,USA,STANDARD_CLASS,2016-04-21,2016-04-25,2016-04-25
CNSHA,USA,STANDARD_CLASS,2016-04-21,2016-04-24,2016-04-25
CNSHA,USA,SECOND_CLASS,2016-04-21,2016-04-23,2016-04-23
CNSHA,USA,SECOND_CLASS,2016-04-21,2016-04-26,2016-04-23
CNSHA,USA,FIRST_CLASS,2016-04-21,2016-04-23,2016-04-22
CNSHA,USA,SECOND_CLASS,2016-04-21,2016-04-26,2016-04-23
CNSHA,USA,STANDARD_CLASS,2016-04-21,2016-04-25,2016-04-25
CNSHA,USA,STANDARD_CLASS,2016-04-21,2016-04-27,2016-04-25
CNSHA,USA,SECOND_CLASS,2016-04-21,2016-04-23,2016-04-23
CNSHA,USA,STANDARD_CLASS,2016-04-21,2016-04-23,2016-04-25
CNSHA,USA,STANDARD_CLASS,2016-04-21,2016-04-23,2016-04-25
CNSHA,USA,STANDARD_CLASS,2016-04-21,2016-04-26,2016-04-25
CNSHA,USA,STANDARD_CLASS,2016-04-21,2016-04-25,2016-04-25
CNSHA,USA,STANDARD_CLASS,2016-04-22,2016-04-25,2016-04-26
CNSHA,USA,SAME_DAY,2016-04-22,2016-04-23,2016-04-22
CNSHA,USA,STANDARD_CLASS,2016-04-22,2016-04-28,2016-04-26
CNSHA,USA,STANDARD_CLASS,2016-04-22,2016-04-27,2016-04-26
CNSHA,USA,STANDARD_CLASS,2016-04-22,2016-04-27,2016-04-26
CNSHA,USA,FIRST_CLASS,2016-04-22,2016-04-24,2016-04-23
CNSHA,USA,STANDARD_CLASS,2016-04-22,2016-04-27,2016-04-26
CNSHA,USA,STANDARD_CLASS,2016-04-22,2016-04-28,2016-04-26
CNSHA,USA,STANDARD_CLASS,2016-04-22,2016-04-25,2016-04-26
CNSHA,USA,STANDARD_CLASS,2016-04-22,2016-04-28,2016-04-26
CNSHA,USA,SAME_DAY,2016-04-22,2016-04-22,2016-04-22
CNSHA,USA,SAME_DAY,2016-04-22,2016-04-22,2016-04-22
CNSHA,USA,FIRST_CLASS,2016-04-22,2016-04-24,2016-04-23
CNSHA,USA,STANDARD_CLASS,2016-04-22,2016-04-24,2016-04-26
CNSHA,USA,STANDARD_CLASS,2016-04-22,2016-04-28,2016-04-26
CNSHA,USA,STANDARD_CLASS,2016-04-22,2016-04-26,2016-04-26
CNSHA,USA,STANDARD_CLASS,2016-04-22,2016-04-24,2016-04-26
CNSHA,USA,SECOND_CLASS,2016-04-22,2016-04-24,2016-04-24
CNSHA,USA,STANDARD_CLASS,2016-04-22,2016-04-25,2016-04-26
CNSHA,USA,SECOND_CLASS,2016-04-22,2016-04-27,2016-04-24
CNSHA,USA,STANDARD_CLASS,2016-04-22,2016-04-25,2016-04-26
CNSHA,USA,SAME_DAY,2016-04-22,2016-04-22,2016-04-22
CNSHA,USA,SAME_DAY,2016-04-22,2016-04-22,2016-04-22
CNSHA,USA,FIRST_CLASS,2016-04-22,2016-04-24,2016-04-23
CNSHA,USA,SAME_DAY,2016-04-22,2016-04-22,2016-04-22
CNSHA,USA,STANDARD_CLASS,2016-04-22,2016-04-28,2016-04-26
CNSHA,USA,STANDARD_CLASS,2016-04-22,2016-04-25,2016-04-26
CNSHA,USA,SECOND_CLASS,2016-04-23,2016-04-25,2016-04-25
CNSHA,USA,STANDARD_CLASS,2016-04-23,2016-04-28,2016-04-27
CNSHA,USA,SECOND_CLASS,2016-04-23,2016-04-25,2016-04-25
CNSHA,USA,STANDARD_CLASS,2016-04-23,2016-04-27,2016-04-27
CNSHA,USA,SECOND_CLASS,2016-04-23,2016-04-27,2016-04-25
CNSHA,USA,STANDARD_CLASS,2016-04-23,2016-04-28,2016-04-27
CNSHA,USA,STANDARD_CLASS,2016-04-23,2016-04-25,2016-04-27
CNSHA,USA,STANDARD_CLASS,2016-04-23,2016-04-28,2016-04-27
CNSHA,USA,FIRST_CLASS,2016-04-23,2016-04-25,2016-04-24
CNSHA,USA,FIRST_CLASS,2016-04-23,2016-04-25,2016-04-24
CNSHA,USA,STANDARD_CLASS,2016-04-23,2016-04-27,2016-04-27
CNSHA,USA,STANDARD_CLASS,2016-04-23,2016-04-29,2016-04-27
CNSHA,USA,SECOND_CLASS,2016-04-23,2016-04-26,2016-04-25
CNSHA,USA,FIRST_CLASS,2016-04-23,2016-04-25,2016-04-24
CNSHA,USA,SAME_DAY,2016-04-23,2016-04-23,2016-04-23
CNSHA,USA,STANDARD_CLASS,2016-04-23,2016-04-28,2016-04-27
CNSHA,USA,SECOND_CLASS,2016-04-23,2016-04-25,2016-04-25
CNSHA,USA,SECOND_CLASS,2016-04-23,2016-04-26,2016-04-25
CNSHA,USA,FIRST_CLASS,2016-04-23,2016-04-25,2016-04-24
CNSHA,USA,STANDARD_CLASS,2016-04-23,2016-04-25,2016-04-27
CNSHA,USA,SECOND_CLASS,2016-04-23,2016-04-26,2016-04-25
CNSHA,USA,STANDARD_CLASS,2016-04-23,2016-04-29,2016-04-27
CNSHA,USA,STANDARD_CLASS,2016-04-23,2016-04-28,2016-04-27
CNSHA,USA,SECOND_CLASS,2016-04-23,2016-04-26,2016-04-25
CNSHA,USA,SECOND_CLASS,2016-04-23,2016-04-25,2016-04-25
CNSHA,USA,SECOND_CLASS,2016-04-23,2016-04-29,2016-04-25
CNSHA,USA,FIRST_CLASS,2016-04-23,2016-04-25,2016-04-24
CNSHA,USA,FIRST_CLASS,2016-04-23,2016-04-25,2016-04-24
CNSHA,USA,STANDARD_CLASS,2016-04-23,2016-04-25,2016-04-27
CNSHA,USA,SECOND_CLASS,2016-04-23,2016-04-28,2016-04-25
CNSHA,USA,FIRST_CLASS,2016-04-23,2016-04-25,2016-04-24
CNSHA,USA,FIRST_CLASS,2016-04-23,2016-04-25,2016-04-24
CNSHA,USA,STANDARD_CLASS,2016-04-23,2016-04-25,2016-04-27
CNSHA,USA,FIRST_CLASS,2016-04-23,2016-04-25,2016-04-24
CNSHA,USA,STANDARD_CLASS,2016-04-23,2016-04-28,2016-04-27
CNSHA,USA,STANDARD_CLASS,2016-04-23,2016-04-25,2016-04-27
CNSHA,USA,SECOND_CLASS,2016-04-23,2016-04-26,2016-04-25
CNSHA,USA,SECOND_CLASS,2016-04-23,2016-04-29,2016-04-25
CNSHA,USA,STANDARD_CLASS,2016-04-23,2016-04-28,2016-04-27
CNSHA,USA,STANDARD_CLASS,2016-04-23,2016-04-26,2016-04-27
CNSHA,USA,STANDARD_CLASS,2016-04-23,2016-04-25,2016-04-27
CNSHA,USA,SECOND_CLASS,2016-04-24,2016-04-27,2016-04-26
CNSHA,USA,STANDARD_CLASS,2016-04-24,2016-04-29,2016-04-28
CNSHA,USA,STANDARD_CLASS,2016-04-24,2016-04-27,2016-04-28
CNSHA,USA,STANDARD_CLASS,2016-04-24,2016-04-27,2016-04-28
CNSHA,USA,STANDARD_CLASS,2016-04-24,2016-04-29,2016-04-28
CNSHA,USA,STANDARD_CLASS,2016-04-24,2016-04-29,2016-04-28
CNSHA,USA,STANDARD_CLASS,2016-04-24,2016-04-30,2016-04-28
CNSHA,USA,SECOND_CLASS,2016-04-24,2016-04-27,2016-04-26
CNSHA,USA,SECOND_CLASS,2016-04-24,2016-04-28,2016-04-26
CNSHA,USA,STANDARD_CLASS,2016-04-24,2016-04-26,2016-04-28
CNSHA,USA,STANDARD_CLASS,2016-04-24,2016-04-28,2016-04-28
CNSHA,USA,STANDARD_CLASS,2016-04-24,2016-04-30,2016-04-28
CNSHA,USA,STANDARD_CLASS,2016-04-24,2016-04-26,2016-04-28
CNSHA,USA,STANDARD_CLASS,2016-04-24,2016-04-30,2016-04-28
CNSHA,USA,FIRST_CLASS,2016-04-24,2016-04-26,2016-04-25
CNSHA,USA,SECOND_CLASS,2016-04-24,2016-04-28,2016-04-26
CNSHA,USA,SAME_DAY,2016-04-24,2016-04-25,2016-04-24
CNSHA,USA,STANDARD_CLASS,2016-04-24,2016-04-26,2016-04-28
CNSHA,USA,STANDARD_CLASS,2016-04-24,2016-04-29,2016-04-28
CNSHA,USA,SECOND_CLASS,2016-04-24,2016-04-30,2016-04-26
CNSHA,USA,FIRST_CLASS,2016-04-25,2016-04-27,2016-04-26
CNSHA,USA,STANDARD_CLASS,2016-04-25,2016-05-01,2016-04-29
CNSHA,USA,SECOND_CLASS,2016-04-25,2016-04-29,2016-04-27
CNSHA,USA,STANDARD_CLASS,2016-04-25,2016-05-01,2016-04-29
CNSHA,USA,SECOND_CLASS,2016-04-25,2016-04-28,2016-04-27
CNSHA,USA,SECOND_CLASS,2016-04-25,2016-04-29,2016-04-27
CNSHA,USA,SECOND_CLASS,2016-04-25,2016-04-30,2016-04-27
CNSHA,USA,STANDARD_CLASS,2016-04-25,2016-05-01,2016-04-29
CNSHA,USA,STANDARD_CLASS,2016-04-25,2016-04-29,2016-04-29
CNSHA,USA,SECOND_CLASS,2016-04-25,2016-05-01,2016-04-27
CNSHA,USA,FIRST_CLASS,2016-04-25,2016-04-27,2016-04-26
CNSHA,USA,STANDARD_CLASS,2016-04-25,2016-04-30,2016-04-29
CNSHA,USA,STANDARD_CLASS,2016-04-25,2016-05-01,2016-04-29
CNSHA,USA,SECOND_CLASS,2016-04-25,2016-04-30,2016-04-27
CNSHA,USA,STANDARD_CLASS,2016-04-25,2016-05-01,2016-04-29
CNSHA,USA,SECOND_CLASS,2016-04-25,2016-04-29,2016-04-27
CNSHA,USA,STANDARD_CLASS,2016-04-25,2016-04-30,2016-04-29
CNSHA,USA,FIRST_CLASS,2016-04-25,2016-04-27,2016-04-26
CNSHA,USA,SECOND_CLASS,2016-04-25,2016-04-28,2016-04-27
CNSHA,USA,STANDARD_CLASS,2016-04-25,2016-04-28,2016-04-29
CNSHA,USA,STANDARD_CLASS,2016-04-25,2016-04-28,2016-04-29
CNSHA,USA,STANDARD_CLASS,2016-04-25,2016-04-27,2016-04-29
CNSHA,USA,FIRST_CLASS,2016-04-25,2016-04-27,2016-04-26
CNSHA,USA,FIRST_CLASS,2016-04-25,2016-04-27,2016-04-26
CNSHA,USA,SECOND_CLASS,2016-04-25,2016-04-30,2016-04-27
CNSHA,USA,FIRST_CLASS,2016-04-25,2016-04-27,2016-04-26
CNSHA,USA,STANDARD_CLASS,2016-04-25,2016-04-28,2016-04-29
CNSHA,USA,STANDARD_CLASS,2016-04-25,2016-04-30,2016-04-29
CNSHA,USA,FIRST_CLASS,2016-04-25,2016-04-27,2016-04-26
CNSHA,USA,STANDARD_CLASS,2016-04-25,2016-04-29,2016-04-29
CNSHA,USA,FIRST_CLASS,2016-04-26,2016-04-28,2016-04-27
CNSHA,USA,FIRST_CLASS,2016-04-26,2016-04-28,2016-04-27
CNSHA,USA,FIRST_CLASS,2016-04-26,2016-04-28,2016-04-27
CNSHA,USA,FIRST_CLASS,2016-04-26,2016-04-28,2016-04-27
CNSHA,USA,STANDARD_CLASS,2016-04-26,2016-05-01,2016-04-30
CNSHA,USA,STANDARD_CLASS,2016-04-26,2016-04-28,2016-04-30
CNSHA,USA,FIRST_CLASS,2016-04-26,2016-04-28,2016-04-27
CNSHA,USA,SECOND_CLASS,2016-04-26,2016-04-29,2016-04-28
CNSHA,USA,FIRST_CLASS,2016-04-26,2016-04-28,2016-04-27
CNSHA,USA,SECOND_CLASS,2016-04-26,2016-05-01,2016-04-28
CNSHA,USA,STANDARD_CLASS,2016-04-26,2016-05-01,2016-04-30
CNSHA,USA,STANDARD_CLASS,2016-04-26,2016-05-02,2016-04-30
CNSHA,USA,STANDARD_CLASS,2016-04-26,2016-05-01,2016-04-30
CNSHA,USA,STANDARD_CLASS,2016-04-26,2016-04-28,2016-04-30
CNSHA,USA,SAME_DAY,2016-04-26,2016-04-27,2016-04-26
CNSHA,USA,STANDARD_CLASS,2016-04-26,2016-05-02,2016-04-30
CNSHA,USA,SECOND_CLASS,2016-04-26,2016-04-29,2016-04-28
CNSHA,USA,STANDARD_CLASS,2016-04-26,2016-04-30,2016-04-30
CNSHA,USA,SECOND_CLASS,2016-04-26,2016-04-28,2016-04-28
CNSHA,USA,SECOND_CLASS,2016-04-26,2016-04-30,2016-04-28
CNSHA,USA,STANDARD_CLASS,2016-04-26,2016-04-28,2016-04-30
CNSHA,USA,SECOND_CLASS,2016-04-26,2016-05-01,2016-04-28
CNSHA,USA,SAME_DAY,2016-04-26,2016-04-27,2016-04-26
CNSHA,USA,STANDARD_CLASS,2016-04-26,2016-04-29,2016-04-30
CNSHA,USA,STANDARD_CLASS,2016-04-26,2016-05-02,2016-04-30
CNSHA,USA,FIRST_CLASS,2016-04-26,2016-04-28,2016-04-27
CNSHA,USA,FIRST_CLASS,2016-04-26,2016-04-28,2016-04-27
CNSHA,USA,STANDARD_CLASS,2016-04-26,2016-05-01,2016-04-30
CNSHA,USA,STANDARD_CLASS,2016-04-26,2016-05-02,2016-04-30
CNSHA,USA,STANDARD_CLASS,2016-04-26,2016-04-28,2016-04-30
CNSHA,USA,SECOND_CLASS,2016-04-27,2016-04-29,2016-04-29
CNSHA,USA,STANDARD_CLASS,2016-04-27,2016-05-02,2016-05-01
CNSHA,USA,SECOND_CLASS,2016-04-27,2016-05-03,2016-04-29
CNSHA,USA,STANDARD_CLASS,2016-04-27,2016-05-01,2016-05-01
CNSHA,USA,SAME_DAY,2016-04-27,2016-04-27,2016-04-27
CNSHA,USA,SECOND_CLASS,2016-04-27,2016-05-03,2016-04-29
CNSHA,USA,SECOND_CLASS,2016-04-27,2016-05-01,2016-04-29
CNSHA,USA,SAME_DAY,2016-04-27,2016-04-27,2016-04-27
CNSHA,USA,STANDARD_CLASS,2016-04-27,2016-04-29,2016-05-01
CNSHA,USA,STANDARD_CLASS,2016-04-27,2016-04-30,2016-05-01
CNSHA,USA,SAME_DAY,2016-04-27,2016-04-27,2016-04-27
CNSHA,USA,SECOND_CLASS,2016-04-27,2016-04-29,2016-04-29
CNSHA,USA,SECOND_CLASS,2016-04-27,2016-05-01,2016-04-29
CNSHA,USA,STANDARD_CLASS,2016-04-27,2016-04-30,2016-05-01
CNSHA,USA,SECOND_CLASS,2016-04-27,2016-05-01,2016-04-29
CNSHA,USA,FIRST_CLASS,2016-04-27,2016-04-29,2016-04-28
CNSHA,USA,STANDARD_CLASS,2016-04-27,2016-05-02,2016-05-01
CNSHA,USA,STANDARD_CLASS,2016-04-27,2016-05-01,2016-05-01
CNSHA,USA,FIRST_CLASS,2016-04-27,2016-04-29,2016-04-28
CNSHA,USA,STANDARD_CLASS,2016-04-27,2016-05-03,2016-05-01
CNSHA,USA,FIRST_CLASS,2016-04-27,2016-04-29,2016-04-28
CNSHA,USA,SECOND_CLASS,2016-04-27,2016-04-29,2016-04-29
CNSHA,USA,STANDARD_CLASS,2016-04-27,2016-05-01,2016-05-01
CNSHA,USA,STANDARD_CLASS,2016-04-27,2016-04-30,2016-05-01
CNSHA,USA,SECOND_CLASS,2016-04-27,2016-04-29,2016-04-29
CNSHA,USA,FIRST_CLASS,2016-04-27,2016-04-29,2016-04-28
CNSHA,USA,SECOND_CLASS,2016-04-27,2016-04-29,2016-04-29
CNSHA,USA,SECOND_CLASS,2016-04-27,2016-04-29,2016-04-29
CNSHA,USA,FIRST_CLASS,2016-04-28,2016-04-30,2016-04-29
CNSHA,USA,SECOND_CLASS,2016-04-28,2016-05-02,2016-04-30
CNSHA,USA,FIRST_CLASS,2016-04-28,2016-04-30,2016-04-29
CNSHA,USA,FIRST_CLASS,2016-04-28,2016-04-30,2016-04-29
CNSHA,USA,STANDARD_CLASS,2016-04-28,2016-05-03,2016-05-02
CNSHA,USA,FIRST_CLASS,2016-04-28,2016-04-30,2016-04-29
CNSHA,USA,STANDARD_CLASS,2016-04-28,2016-05-04,2016-05-02
CNSHA,USA,STANDARD_CLASS,2016-04-28,2016-05-04,2016-05-02
CNSHA,USA,STANDARD_CLASS,2016-04-28,2016-05-02,2016-05-02
CNSHA,USA,SECOND_CLASS,2016-04-28,2016-05-04,2016-04-30
CNSHA,USA,STANDARD_CLASS,2016-04-28,2016-05-02,2016-05-02
CNSHA,USA,STANDARD_CLASS,2016-04-28,2016-05-02,2016-05-02
CNSHA,USA,STANDARD_CLASS,2016-04-28,2016-05-04,2016-05-02
CNSHA,USA,SECOND_CLASS,2016-04-28,2016-04-30,2016-04-30
CNSHA,USA,STANDARD_CLASS,2016-04-28,2016-05-03,2016-05-02
CNSHA,USA,SECOND_CLASS,2016-04-28,2016-05-04,2016-04-30
CNSHA,USA,STANDARD_CLASS,2016-04-28,2016-05-01,2016-05-02
CNSHA,USA,FIRST_CLASS,2016-04-28,2016-04-30,2016-04-29
CNSHA,USA,STANDARD_CLASS,2016-04-28,2016-05-01,2016-05-02
CNSHA,USA,STANDARD_CLASS,2016-04-28,2016-05-01,2016-05-02
CNSHA,USA,STANDARD_CLASS,2016-04-28,2016-05-03,2016-05-02
CNSHA,USA,SECOND_CLASS,2016-04-28,2016-05-02,2016-04-30
CNSHA,USA,STANDARD_CLASS,2016-04-28,2016-05-02,2016-05-02
CNSHA,USA,SAME_DAY,2016-04-28,2016-04-28,2016-04-28
CNSHA,USA,STANDARD_CLASS,2016-04-29,2016-05-03,2016-05-03
CNSHA,USA,STANDARD_CLASS,2016-04-29,2016-05-05,2016-05-03
CNSHA,USA,STANDARD_CLASS,2016-04-29,2016-05-02,2016-05-03
CNSHA,USA,STANDARD_CLASS,2016-04-29,2016-05-03,2016-05-03
CNSHA,USA,STANDARD_CLASS,2016-04-29,2016-05-02,2016-05-03
CNSHA,USA,STANDARD_CLASS,2016-04-29,2016-05-02,2016-05-03
CNSHA,USA,STANDARD_CLASS,2016-04-29,2016-05-02,2016-05-03
CNSHA,USA,SECOND_CLASS,2016-04-29,2016-05-03,2016-05-01
CNSHA,USA,STANDARD_CLASS,2016-04-29,2016-05-01,2016-05-03
CNSHA,USA,STANDARD_CLASS,2016-04-29,2016-05-03,2016-05-03
CNSHA,USA,STANDARD_CLASS,2016-04-29,2016-05-04,2016-05-03
CNSHA,USA,STANDARD_CLASS,2016-04-29,2016-05-05,2016-05-03
CNSHA,USA,STANDARD_CLASS,2016-04-29,2016-05-01,2016-05-03
CNSHA,USA,STANDARD_CLASS,2016-04-29,2016-05-01,2016-05-03
CNSHA,USA,STANDARD_CLASS,2016-04-29,2016-05-04,2016-05-03
CNSHA,USA,STANDARD_CLASS,2016-04-29,2016-05-01,2016-05-03
CNSHA,USA,SAME_DAY,2016-04-29,2016-04-30,2016-04-29
CNSHA,USA,SECOND_CLASS,2016-04-29,2016-05-04,2016-05-01
CNSHA,USA,SECOND_CLASS,2016-04-29,2016-05-05,2016-05-01
CNSHA,USA,STANDARD_CLASS,2016-04-29,2016-05-01,2016-05-03
CNSHA,USA,FIRST_CLASS,2016-04-29,2016-05-01,2016-04-30
CNSHA,USA,STANDARD_CLASS,2016-04-30,2016-05-04,2016-05-04
CNSHA,USA,STANDARD_CLASS,2016-04-30,2016-05-04,2016-05-04
CNSHA,USA,STANDARD_CLASS,2016-04-30,2016-05-02,2016-05-04
CNSHA,USA,STANDARD_CLASS,2016-04-30,2016-05-04,2016-05-04
CNSHA,USA,FIRST_CLASS,2016-04-30,2016-05-02,2016-05-01
CNSHA,USA,FIRST_CLASS,2016-04-30,2016-05-02,2016-05-01
CNSHA,USA,STANDARD_CLASS,2016-04-30,2016-05-02,2016-05-04
CNSHA,USA,STANDARD_CLASS,2016-04-30,2016-05-03,2016-05-04
CNSHA,USA,STANDARD_CLASS,2016-04-30,2016-05-06,2016-05-04
CNSHA,USA,STANDARD_CLASS,2016-04-30,2016-05-04,2016-05-04
CNSHA,USA,STANDARD_CLASS,2016-04-30,2016-05-03,2016-05-04
CNSHA,USA,STANDARD_CLASS,2016-04-30,2016-05-02,2016-05-04
CNSHA,USA,STANDARD_CLASS,2016-05-01,2016-05-05,2016-05-05
CNSHA,USA,SECOND_CLASS,2016-05-01,2016-05-03,2016-05-03
CNSHA,USA,STANDARD_CLASS,2016-05-01,2016-05-03,2016-05-05
CNSHA,USA,FIRST_CLASS,2016-05-01,2016-05-03,2016-05-02
CNSHA,USA,SECOND_CLASS,2016-05-01,2016-05-07,2016-05-03
CNSHA,USA,STANDARD_CLASS,2016-05-01,2016-05-07,2016-05-05
CNSHA,USA,STANDARD_CLASS,2016-05-01,2016-05-07,2016-05-05
CNSHA,USA,SAME_DAY,2016-05-01,2016-05-02,2016-05-01
CNSHA,USA,SECOND_CLASS,2016-05-01,2016-05-03,2016-05-03
CNSHA,USA,FIRST_CLASS,2016-05-01,2016-05-03,2016-05-02
CNSHA,USA,STANDARD_CLASS,2016-05-01,2016-05-04,2016-05-05
CNSHA,USA,STANDARD_CLASS,2016-05-01,2016-05-05,2016-05-05
CNSHA,USA,SECOND_CLASS,2016-05-01,2016-05-04,2016-05-03
CNSHA,USA,SECOND_CLASS,2016-05-01,2016-05-03,2016-05-03
CNSHA,USA,SECOND_CLASS,2016-05-01,2016-05-07,2016-05-03
CNSHA,USA,STANDARD_CLASS,2016-05-01,2016-05-04,2016-05-05
CNSHA,USA,FIRST_CLASS,2016-05-01,2016-05-03,2016-05-02
CNSHA,USA,STANDARD_CLASS,2016-05-01,2016-05-07,2016-05-05
CNSHA,USA,FIRST_CLASS,2016-05-01,2016-05-03,2016-05-02
CNSHA,USA,SECOND_CLASS,2016-05-01,2016-05-04,2016-05-03
CNSHA,USA,STANDARD_CLASS,2016-05-01,2016-05-05,2016-05-05
CNSHA,USA,SECOND_CLASS,2016-05-01,2016-05-04,2016-05-03
CNSHA,USA,SECOND_CLASS,2016-05-01,2016-05-04,2016-05-03
CNSHA,USA,FIRST_CLASS,2016-05-01,2016-05-03,2016-05-02
CNSHA,USA,SECOND_CLASS,2016-05-01,2016-05-04,2016-05-03
CNSHA,USA,STANDARD_CLASS,2016-05-01,2016-05-05,2016-05-05
CNSHA,USA,FIRST_CLASS,2016-05-01,2016-05-03,2016-05-02
CNSHA,USA,STANDARD_CLASS,2016-05-01,2016-05-06,2016-05-05
CNSHA,USA,SECOND_CLASS,2016-05-01,2016-05-03,2016-05-03
CNSHA,USA,FIRST_CLASS,2016-05-01,2016-05-03,2016-05-02
CNSHA,USA,FIRST_CLASS,2016-05-01,2016-05-03,2016-05-02
CNSHA,USA,SECOND_CLASS,2016-05-01,2016-05-07,2016-05-03
CNSHA,USA,SAME_DAY,2016-05-01,2016-05-02,2016-05-01
CNSHA,USA,FIRST_CLASS,2016-05-01,2016-05-03,2016-05-02
CNSHA,USA,FIRST_CLASS,2016-05-02,2016-05-04,2016-05-03
CNSHA,USA,STANDARD_CLASS,2016-05-02,2016-05-04,2016-05-06
CNSHA,USA,STANDARD_CLASS,2016-05-02,2016-05-08,2016-05-06
CNSHA,USA,STANDARD_CLASS,2016-05-02,2016-05-08,2016-05-06
CNSHA,USA,STANDARD_CLASS,2016-05-02,2016-05-07,2016-05-06
CNSHA,USA,STANDARD_CLASS,2016-05-02,2016-05-05,2016-05-06
CNSHA,USA,STANDARD_CLASS,2016-05-02,2016-05-07,2016-05-06
CNSHA,USA,SECOND_CLASS,2016-05-02,2016-05-08,2016-05-04
CNSHA,USA,SECOND_CLASS,2016-05-02,2016-05-08,2016-05-04
CNSHA,USA,STANDARD_CLASS,2016-05-02,2016-05-06,2016-05-06
CNSHA,USA,FIRST_CLASS,2016-05-02,2016-05-04,2016-05-03
CNSHA,USA,SECOND_CLASS,2016-05-02,2016-05-08,2016-05-04
CNSHA,USA,SAME_DAY,2016-05-02,2016-05-02,2016-05-02
CNSHA,USA,SECOND_CLASS,2016-05-02,2016-05-06,2016-05-04
CNSHA,USA,STANDARD_CLASS,2016-05-02,2016-05-04,2016-05-06
CNSHA,USA,SECOND_CLASS,2016-05-02,2016-05-04,2016-05-04
CNSHA,USA,SECOND_CLASS,2016-05-02,2016-05-04,2016-05-04
CNSHA,USA,FIRST_CLASS,2016-05-02,2016-05-04,2016-05-03
CNSHA,USA,FIRST_CLASS,2016-05-02,2016-05-04,2016-05-03
CNSHA,USA,FIRST_CLASS,2016-05-02,2016-05-04,2016-05-03
CNSHA,USA,STANDARD_CLASS,2016-05-03,2016-05-06,2016-05-07
CNSHA,USA,STANDARD_CLASS,2016-05-03,2016-05-08,2016-05-07
CNSHA,USA,STANDARD_CLASS,2016-05-03,2016-05-09,2016-05-07
CNSHA,USA,STANDARD_CLASS,2016-05-03,2016-05-07,2016-05-07
CNSHA,USA,STANDARD_CLASS,2016-05-03,2016-05-07,2016-05-07
CNSHA,USA,STANDARD_CLASS,2016-05-03,2016-05-07,2016-05-07
CNSHA,USA,FIRST_CLASS,2016-05-03,2016-05-05,2016-05-04
CNSHA,USA,STANDARD_CLASS,2016-05-03,2016-05-09,2016-05-07
CNSHA,USA,STANDARD_CLASS,2016-05-03,2016-05-06,2016-05-07
CNSHA,USA,STANDARD_CLASS,2016-05-03,2016-05-05,2016-05-07
CNSHA,USA,STANDARD_CLASS,2016-05-03,2016-05-09,2016-05-07
CNSHA,USA,STANDARD_CLASS,2016-05-03,2016-05-08,2016-05-07
CNSHA,USA,STANDARD_CLASS,2016-05-03,2016-05-08,2016-05-07
CNSHA,USA,STANDARD_CLASS,2016-05-03,2016-05-07,2016-05-07
CNSHA,USA,FIRST_CLASS,2016-05-03,2016-05-05,2016-05-04
CNSHA,USA,STANDARD_CLASS,2016-05-03,2016-05-09,2016-05-07
CNSHA,USA,STANDARD_CLASS,2016-05-03,2016-05-08,2016-05-07
CNSHA,USA,STANDARD_CLASS,2016-05-03,2016-05-08,2016-05-07
CNSHA,USA,STANDARD_CLASS,2016-05-03,2016-05-08,2016-05-07
CNSHA,USA,FIRST_CLASS,2016-05-03,2016-05-05,2016-05-04
CNSHA,USA,STANDARD_CLASS,2016-05-03,2016-05-08,2016-05-07
CNSHA,USA,STANDARD_CLASS,2016-05-03,2016-05-09,2016-05-07
CNSHA,USA,STANDARD_CLASS,2016-05-03,2016-05-07,2016-05-07
CNSHA,USA,STANDARD_CLASS,2016-05-03,2016-05-08,2016-05-07
CNSHA,USA,STANDARD_CLASS,2016-05-03,2016-05-08,2016-05-07
CNSHA,USA,STANDARD_CLASS,2016-05-03,2016-05-07,2016-05-07
CNSHA,USA,STANDARD_CLASS,2016-05-04,2016-05-08,2016-05-08
CNSHA,USA,FIRST_CLASS,2016-05-04,2016-05-06,2016-05-05
CNSHA,USA,STANDARD_CLASS,2016-05-04,2016-05-07,2016-05-08
CNSHA,USA,SAME_DAY,2016-05-04,2016-05-04,2016-05-04
CNSHA,USA,STANDARD_CLASS,2016-05-04,2016-05-07,2016-05-08
CNSHA,USA,STANDARD_CLASS,2016-05-04,2016-05-07,2016-05-08
CNSHA,USA,STANDARD_CLASS,2016-05-04,2016-05-08,2016-05-08
CNSHA,USA,STANDARD_CLASS,2016-05-04,2016-05-06,2016-05-08
CNSHA,USA,STANDARD_CLASS,2016-05-04,2016-05-10,2016-05-08
CNSHA,USA,SAME_DAY,2016-05-04,2016-05-04,2016-05-04
CNSHA,USA,STANDARD_CLASS,2016-05-04,2016-05-08,2016-05-08
CNSHA,USA,STANDARD_CLASS,2016-05-04,2016-05-10,2016-05-08
CNSHA,USA,FIRST_CLASS,2016-05-04,2016-05-06,2016-05-05
CNSHA,USA,STANDARD_CLASS,2016-05-04,2016-05-06,2016-05-08
CNSHA,USA,SAME_DAY,2016-05-04,2016-05-04,2016-05-04
CNSHA,USA,STANDARD_CLASS,2016-05-04,2016-05-09,2016-05-08
CNSHA,USA,SECOND_CLASS,2016-05-04,2016-05-07,2016-05-06
CNSHA,USA,STANDARD_CLASS,2016-05-04,2016-05-08,2016-05-08
CNSHA,USA,SECOND_CLASS,2016-05-04,2016-05-08,2016-05-06
CNSHA,USA,STANDARD_CLASS,2016-05-04,2016-05-06,2016-05-08
CNSHA,USA,FIRST_CLASS,2016-05-04,2016-05-06,2016-05-05
CNSHA,USA,STANDARD_CLASS,2016-05-04,2016-05-09,2016-05-08
CNSHA,USA,STANDARD_CLASS,2016-05-04,2016-05-07,2016-05-08
CNSHA,USA,SAME_DAY,2016-05-04,2016-05-04,2016-05-04
CNSHA,USA,FIRST_CLASS,2016-05-04,2016-05-06,2016-05-05
CNSHA,USA,STANDARD_CLASS,2016-05-04,2016-05-08,2016-05-08
CNSHA,USA,STANDARD_CLASS,2016-05-04,2016-05-06,2016-05-08
CNSHA,USA,SAME_DAY,2016-05-04,2016-05-04,2016-05-04
CNSHA,USA,STANDARD_CLASS,2016-05-04,2016-05-09,2016-05-08
CNSHA,USA,SAME_DAY,2016-05-04,2016-05-04,2016-05-04
CNSHA,USA,STANDARD_CLASS,2016-05-04,2016-05-09,2016-05-08
CNSHA,USA,STANDARD_CLASS,2016-05-04,2016-05-10,2016-05-08
CNSHA,USA,STANDARD_CLASS,2016-05-04,2016-05-10,2016-05-08
CNSHA,USA,FIRST_CLASS,2016-05-05,2016-05-07,2016-05-06
CNSHA,USA,STANDARD_CLASS,2016-05-05,2016-05-09,2016-05-09
CNSHA,USA,STANDARD_CLASS,2016-05-05,2016-05-09,2016-05-09
CNSHA,USA,SECOND_CLASS,2016-05-05,2016-05-08,2016-05-07
CNSHA,USA,FIRST_CLASS,2016-05-05,2016-05-07,2016-05-06
CNSHA,USA,STANDARD_CLASS,2016-05-05,2016-05-09,2016-05-09
CNSHA,USA,STANDARD_CLASS,2016-05-05,2016-05-08,2016-05-09
CNSHA,USA,STANDARD_CLASS,2016-05-05,2016-05-07,2016-05-09
CNSHA,USA,SECOND_CLASS,2016-05-05,2016-05-10,2016-05-07
CNSHA,USA,STANDARD_CLASS,2016-05-05,2016-05-09,2016-05-09
CNSHA,USA,FIRST_CLASS,2016-05-05,2016-05-07,2016-05-06
CNSHA,USA,STANDARD_CLASS,2016-05-05,2016-05-10,2016-05-09
CNSHA,USA,SECOND_CLASS,2016-05-05,2016-05-08,2016-05-07
CNSHA,USA,STANDARD_CLASS,2016-05-05,2016-05-08,2016-05-09
CNSHA,USA,STANDARD_CLASS,2016-05-05,2016-05-09,2016-05-09
CNSHA,USA,STANDARD_CLASS,2016-05-05,2016-05-09,2016-05-09
CNSHA,USA,SECOND_CLASS,2016-05-05,2016-05-11,2016-05-07
CNSHA,USA,STANDARD_CLASS,2016-05-05,2016-05-08,2016-05-09
CNSHA,USA,FIRST_CLASS,2016-05-05,2016-05-07,2016-05-06
CNSHA,USA,STANDARD_CLASS,2016-05-05,2016-05-10,2016-05-09
CNSHA,USA,STANDARD_CLASS,2016-05-05,2016-05-07,2016-05-09
CNSHA,USA,STANDARD_CLASS,2016-05-05,2016-05-07,2016-05-09
CNSHA,USA,STANDARD_CLASS,2016-05-05,2016-05-11,2016-05-09
CNSHA,USA,STANDARD_CLASS,2016-05-05,2016-05-10,2016-05-09
CNSHA,USA,STANDARD_CLASS,2016-05-05,2016-05-07,2016-05-09
CNSHA,USA,STANDARD_CLASS,2016-05-05,2016-05-11,2016-05-09
CNSHA,USA,STANDARD_CLASS,2016-05-05,2016-05-09,2016-05-09
CNSHA,USA,SECOND_CLASS,2016-05-06,2016-05-11,2016-05-08
CNSHA,USA,SECOND_CLASS,2016-05-06,2016-05-09,2016-05-08
CNSHA,USA,STANDARD_CLASS,2016-05-06,2016-05-12,2016-05-10
CNSHA,USA,STANDARD_CLASS,2016-05-06,2016-05-11,2016-05-10
CNSHA,USA,STANDARD_CLASS,2016-05-06,2016-05-08,2016-05-10
CNSHA,USA,STANDARD_CLASS,2016-05-06,2016-05-08,2016-05-10
CNSHA,USA,STANDARD_CLASS,2016-05-06,2016-05-08,2016-05-10
CNSHA,USA,STANDARD_CLASS,2016-05-06,2016-05-08,2016-05-10
CNSHA,USA,STANDARD_CLASS,2016-05-06,2016-05-12,2016-05-10
CNSHA,USA,SECOND_CLASS,2016-05-06,2016-05-10,2016-05-08
CNSHA,USA,SECOND_CLASS,2016-05-06,2016-05-11,2016-05-08
CNSHA,USA,SAME_DAY,2016-05-06,2016-05-07,2016-05-06
CNSHA,USA,SAME_DAY,2016-05-06,2016-05-06,2016-05-06
CNSHA,USA,SECOND_CLASS,2016-05-06,2016-05-11,2016-05-08
CNSHA,USA,SECOND_CLASS,2016-05-06,2016-05-09,2016-05-08
CNSHA,USA,STANDARD_CLASS,2016-05-06,2016-05-11,2016-05-10
CNSHA,USA,STANDARD_CLASS,2016-05-06,2016-05-08,2016-05-10
CNSHA,USA,STANDARD_CLASS,2016-05-06,2016-05-10,2016-05-10
CNSHA,USA,STANDARD_CLASS,2016-05-06,2016-05-10,2016-05-10
CNSHA,USA,STANDARD_CLASS,2016-05-06,2016-05-09,2016-05-10
CNSHA,USA,STANDARD_CLASS,2016-05-06,2016-05-08,2016-05-10
CNSHA,USA,SECOND_CLASS,2016-05-06,2016-05-09,2016-05-08
CNSHA,USA,STANDARD_CLASS,2016-05-06,2016-05-09,2016-05-10
CNSHA,USA,STANDARD_CLASS,2016-05-06,2016-05-08,2016-05-10
CNSHA,USA,STANDARD_CLASS,2016-05-07,2016-05-10,2016-05-11
CNSHA,USA,SECOND_CLASS,2016-05-07,2016-05-09,2016-05-09
CNSHA,USA,STANDARD_CLASS,2016-05-07,2016-05-13,2016-05-11
CNSHA,USA,STANDARD_CLASS,2016-05-07,2016-05-09,2016-05-11
CNSHA,USA,STANDARD_CLASS,2016-05-07,2016-05-11,2016-05-11
CNSHA,USA,FIRST_CLASS,2016-05-07,2016-05-09,2016-05-08
CNSHA,USA,SAME_DAY,2016-05-07,2016-05-08,2016-05-07
CNSHA,USA,STANDARD_CLASS,2016-05-07,2016-05-09,2016-05-11
CNSHA,USA,FIRST_CLASS,2016-05-07,2016-05-09,2016-05-08
CNSHA,USA,STANDARD_CLASS,2016-05-07,2016-05-10,2016-05-11
CNSHA,USA,SECOND_CLASS,2016-05-07,2016-05-12,2016-05-09
CNSHA,USA,STANDARD_CLASS,2016-05-07,2016-05-11,2016-05-11
CNSHA,USA,FIRST_CLASS,2016-05-07,2016-05-09,2016-05-08
CNSHA,USA,STANDARD_CLASS,2016-05-07,2016-05-11,2016-05-11
CNSHA,USA,SAME_DAY,2016-05-07,2016-05-08,2016-05-07
CNSHA,USA,SECOND_CLASS,2016-05-07,2016-05-10,2016-05-09
CNSHA,USA,STANDARD_CLASS,2016-05-07,2016-05-13,2016-05-11
CNSHA,USA,STANDARD_CLASS,2016-05-07,2016-05-13,2016-05-11
CNSHA,USA,STANDARD_CLASS,2016-05-07,2016-05-10,2016-05-11
CNSHA,USA,FIRST_CLASS,2016-05-07,2016-05-09,2016-05-08
CNSHA,USA,SECOND_CLASS,2016-05-07,2016-05-10,2016-05-09
CNSHA,USA,SECOND_CLASS,2016-05-07,2016-05-12,2016-05-09
CNSHA,USA,SECOND_CLASS,2016-05-07,2016-05-11,2016-05-09
CNSHA,USA,STANDARD_CLASS,2016-05-07,2016-05-12,2016-05-11
CNSHA,USA,STANDARD_CLASS,2016-05-07,2016-05-11,2016-05-11
CNSHA,USA,SECOND_CLASS,2016-05-08,2016-05-14,2016-05-10
CNSHA,USA,STANDARD_CLASS,2016-05-08,2016-05-13,2016-05-12
CNSHA,USA,STANDARD_CLASS,2016-05-08,2016-05-11,2016-05-12
CNSHA,USA,STANDARD_CLASS,2016-05-08,2016-05-12,2016-05-12
CNSHA,USA,STANDARD_CLASS,2016-05-08,2016-05-13,2016-05-12
CNSHA,USA,STANDARD_CLASS,2016-05-08,2016-05-11,2016-05-12
CNSHA,USA,SECOND_CLASS,2016-05-08,2016-05-14,2016-05-10
CNSHA,USA,STANDARD_CLASS,2016-05-08,2016-05-10,2016-05-12
CNSHA,USA,SECOND_CLASS,2016-05-08,2016-05-12,2016-05-10
CNSHA,USA,SECOND_CLASS,2016-05-08,2016-05-14,2016-05-10
CNSHA,USA,SECOND_CLASS,2016-05-08,2016-05-12,2016-05-10
CNSHA,USA,FIRST_CLASS,2016-05-08,2016-05-10,2016-05-09
CNSHA,USA,STANDARD_CLASS,2016-05-08,2016-05-14,2016-05-12
CNSHA,USA,SECOND_CLASS,2016-05-08,2016-05-12,2016-05-10
CNSHA,USA,STANDARD_CLASS,2016-05-08,2016-05-14,2016-05-12
CNSHA,USA,SECOND_CLASS,2016-05-08,2016-05-14,2016-05-10
CNSHA,USA,SECOND_CLASS,2016-05-08,2016-05-11,2016-05-10
CNSHA,USA,SECOND_CLASS,2016-05-08,2016-05-14,2016-05-10
CNSHA,USA,STANDARD_CLASS,2016-05-08,2016-05-10,2016-05-12
CNSHA,USA,STANDARD_CLASS,2016-05-08,2016-05-12,2016-05-12
CNSHA,USA,FIRST_CLASS,2016-05-08,2016-05-10,2016-05-09
CNSHA,USA,FIRST_CLASS,2016-05-08,2016-05-10,2016-05-09
CNSHA,USA,STANDARD_CLASS,2016-05-08,2016-05-10,2016-05-12
CNSHA,USA,STANDARD_CLASS,2016-05-08,2016-05-10,2016-05-12
CNSHA,USA,SECOND_CLASS,2016-05-09,2016-05-14,2016-05-11
CNSHA,USA,FIRST_CLASS,2016-05-09,2016-05-11,2016-05-10
CNSHA,USA,STANDARD_CLASS,2016-05-09,2016-05-11,2016-05-13
CNSHA,USA,SECOND_CLASS,2016-05-09,2016-05-12,2016-05-11
CNSHA,USA,STANDARD_CLASS,2016-05-09,2016-05-11,2016-05-13
CNSHA,USA,SECOND_CLASS,2016-05-09,2016-05-15,2016-05-11
CNSHA,USA,FIRST_CLASS,2016-05-09,2016-05-11,2016-05-10
CNSHA,USA,SECOND_CLASS,2016-05-09,2016-05-12,2016-05-11
CNSHA,USA,FIRST_CLASS,2016-05-09,2016-05-11,2016-05-10
CNSHA,USA,STANDARD_CLASS,2016-05-09,2016-05-14,2016-05-13
CNSHA,USA,STANDARD_CLASS,2016-05-09,2016-05-11,2016-05-13
CNSHA,USA,FIRST_CLASS,2016-05-09,2016-05-11,2016-05-10
CNSHA,USA,STANDARD_CLASS,2016-05-09,2016-05-14,2016-05-13
CNSHA,USA,SECOND_CLASS,2016-05-09,2016-05-13,2016-05-11
CNSHA,USA,STANDARD_CLASS,2016-05-09,2016-05-14,2016-05-13
CNSHA,USA,SECOND_CLASS,2016-05-09,2016-05-13,2016-05-11
CNSHA,USA,STANDARD_CLASS,2016-05-09,2016-05-12,2016-05-13
CNSHA,USA,STANDARD_CLASS,2016-05-09,2016-05-13,2016-05-13
CNSHA,USA,SECOND_CLASS,2016-05-09,2016-05-13,2016-05-11
CNSHA,USA,SECOND_CLASS,2016-05-09,2016-05-15,2016-05-11
CNSHA,USA,STANDARD_CLASS,2016-05-09,2016-05-12,2016-05-13
CNSHA,USA,STANDARD_CLASS,2016-05-09,2016-05-14,2016-05-13
CNSHA,USA,FIRST_CLASS,2016-05-09,2016-05-11,2016-05-10
CNSHA,USA,SECOND_CLASS,2016-05-09,2016-05-13,2016-05-11
CNSHA,USA,SAME_DAY,2016-05-10,2016-05-10,2016-05-10
CNSHA,USA,SECOND_CLASS,2016-05-10,2016-05-16,2016-05-12
CNSHA,USA,STANDARD_CLASS,2016-05-10,2016-05-12,2016-05-14
CNSHA,USA,SECOND_CLASS,2016-05-10,2016-05-15,2016-05-12
CNSHA,USA,STANDARD_CLASS,2016-05-10,2016-05-14,2016-05-14
CNSHA,USA,STANDARD_CLASS,2016-05-10,2016-05-12,2016-05-14
CNSHA,USA,STANDARD_CLASS,2016-05-10,2016-05-16,2016-05-14
CNSHA,USA,STANDARD_CLASS,2016-05-10,2016-05-13,2016-05-14
CNSHA,USA,SECOND_CLASS,2016-05-10,2016-05-12,2016-05-12
CNSHA,USA,STANDARD_CLASS,2016-05-10,2016-05-14,2016-05-14
CNSHA,USA,SAME_DAY,2016-05-10,2016-05-10,2016-05-10
CNSHA,USA,SECOND_CLASS,2016-05-10,2016-05-12,2016-05-12
CNSHA,USA,SECOND_CLASS,2016-05-10,2016-05-14,2016-05-12
CNSHA,USA,STANDARD_CLASS,2016-05-10,2016-05-15,2016-05-14
CNSHA,USA,STANDARD_CLASS,2016-05-10,2016-05-13,2016-05-14
CNSHA,USA,STANDARD_CLASS,2016-05-10,2016-05-14,2016-05-14
CNSHA,USA,STANDARD_CLASS,2016-05-10,2016-05-13,2016-05-14
CNSHA,USA,STANDARD_CLASS,2016-05-10,2016-05-12,2016-05-14
CNSHA,USA,SECOND_CLASS,2016-05-10,2016-05-12,2016-05-12
CNSHA,USA,STANDARD_CLASS,2016-05-10,2016-05-14,2016-05-14
CNSHA,USA,STANDARD_CLASS,2016-05-10,2016-05-16,2016-05-14
CNSHA,USA,FIRST_CLASS,2016-05-10,2016-05-12,2016-05-11
CNSHA,USA,SECOND_CLASS,2016-05-10,2016-05-14,2016-05-12
CNSHA,USA,SECOND_CLASS,2016-05-10,2016-05-12,2016-05-12
CNSHA,USA,STANDARD_CLASS,2016-05-10,2016-05-15,2016-05-14
CNSHA,USA,STANDARD_CLASS,2016-05-10,2016-05-14,2016-05-14
CNSHA,USA,SECOND_CLASS,2016-05-10,2016-05-16,2016-05-12
CNSHA,USA,SECOND_CLASS,2016-05-10,2016-05-13,2016-05-12
CNSHA,USA,STANDARD_CLASS,2016-05-10,2016-05-15,2016-05-14
CNSHA,USA,SECOND_CLASS,2016-05-10,2016-05-12,2016-05-12
CNSHA,USA,STANDARD_CLASS,2016-05-10,2016-05-14,2016-05-14
CNSHA,USA,STANDARD_CLASS,2016-05-10,2016-05-16,2016-05-14
CNSHA,USA,STANDARD_CLASS,2016-05-10,2016-05-16,2016-05-14
CNSHA,USA,SAME_DAY,2016-05-10,2016-05-11,2016-05-10
CNSHA,USA,STANDARD_CLASS,2016-05-11,2016-05-13,2016-05-15
CNSHA,USA,FIRST_CLASS,2016-05-11,2016-05-13,2016-05-12
CNSHA,USA,SAME_DAY,2016-05-11,2016-05-12,2016-05-11
CNSHA,USA,SECOND_CLASS,2016-05-11,2016-05-14,2016-05-13
CNSHA,USA,SECOND_CLASS,2016-05-11,2016-05-16,2016-05-13
CNSHA,USA,STANDARD_CLASS,2016-05-11,2016-05-17,2016-05-15
CNSHA,USA,SECOND_CLASS,2016-05-11,2016-05-14,2016-05-13
CNSHA,USA,SECOND_CLASS,2016-05-11,2016-05-15,2016-05-13
CNSHA,USA,SECOND_CLASS,2016-05-11,2016-05-16,2016-05-13
CNSHA,USA,SAME_DAY,2016-05-11,2016-05-11,2016-05-11
CNSHA,USA,SAME_DAY,2016-05-11,2016-05-11,2016-05-11
CNSHA,USA,SECOND_CLASS,2016-05-11,2016-05-14,2016-05-13
CNSHA,USA,SECOND_CLASS,2016-05-11,2016-05-15,2016-05-13
CNSHA,USA,SECOND_CLASS,2016-05-11,2016-05-16,2016-05-13
CNSHA,USA,STANDARD_CLASS,2016-05-11,2016-05-13,2016-05-15
CNSHA,USA,STANDARD_CLASS,2016-05-11,2016-05-13,2016-05-15
CNSHA,USA,SECOND_CLASS,2016-05-11,2016-05-16,2016-05-13
CNSHA,USA,SAME_DAY,2016-05-11,2016-05-11,2016-05-11
CNSHA,USA,STANDARD_CLASS,2016-05-11,2016-05-13,2016-05-15
CNSHA,USA,FIRST_CLASS,2016-05-11,2016-05-13,2016-05-12
CNSHA,USA,STANDARD_CLASS,2016-05-11,2016-05-15,2016-05-15
CNSHA,USA,SECOND_CLASS,2016-05-11,2016-05-17,2016-05-13
CNSHA,USA,STANDARD_CLASS,2016-05-11,2016-05-16,2016-05-15
CNSHA,USA,FIRST_CLASS,2016-05-11,2016-05-13,2016-05-12
CNSHA,USA,STANDARD_CLASS,2016-05-11,2016-05-17,2016-05-15
CNSHA,USA,FIRST_CLASS,2016-05-11,2016-05-13,2016-05-12
CNSHA,USA,STANDARD_CLASS,2016-05-11,2016-05-13,2016-05-15
CNSHA,USA,SECOND_CLASS,2016-05-11,2016-05-17,2016-05-13
CNSHA,USA,STANDARD_CLASS,2016-05-12,2016-05-17,2016-05-16
CNSHA,USA,STANDARD_CLASS,2016-05-12,2016-05-18,2016-05-16
CNSHA,USA,STANDARD_CLASS,2016-05-12,2016-05-17,2016-05-16
CNSHA,USA,SECOND_CLASS,2016-05-12,2016-05-17,2016-05-14
CNSHA,USA,STANDARD_CLASS,2016-05-12,2016-05-16,2016-05-16
CNSHA,USA,STANDARD_CLASS,2016-05-12,2016-05-17,2016-05-16
CNSHA,USA,STANDARD_CLASS,2016-05-12,2016-05-15,2016-05-16
CNSHA,USA,SECOND_CLASS,2016-05-12,2016-05-14,2016-05-14
CNSHA,USA,STANDARD_CLASS,2016-05-12,2016-05-15,2016-05-16
CNSHA,USA,SECOND_CLASS,2016-05-12,2016-05-18,2016-05-14
CNSHA,USA,STANDARD_CLASS,2016-05-12,2016-05-14,2016-05-16
CNSHA,USA,SAME_DAY,2016-05-12,2016-05-12,2016-05-12
CNSHA,USA,STANDARD_CLASS,2016-05-12,2016-05-14,2016-05-16
CNSHA,USA,STANDARD_CLASS,2016-05-12,2016-05-14,2016-05-16
CNSHA,USA,SECOND_CLASS,2016-05-12,2016-05-16,2016-05-14
CNSHA,USA,STANDARD_CLASS,2016-05-12,2016-05-18,2016-05-16
CNSHA,USA,SAME_DAY,2016-05-12,2016-05-12,2016-05-12
CNSHA,USA,SECOND_CLASS,2016-05-12,2016-05-17,2016-05-14
CNSHA,USA,SECOND_CLASS,2016-05-12,2016-05-17,2016-05-14
CNSHA,USA,SECOND_CLASS,2016-05-12,2016-05-14,2016-05-14
CNSHA,USA,SECOND_CLASS,2016-05-12,2016-05-16,2016-05-14
CNSHA,USA,STANDARD_CLASS,2016-05-12,2016-05-16,2016-05-16
CNSHA,USA,STANDARD_CLASS,2016-05-12,2016-05-17,2016-05-16
CNSHA,USA,SECOND_CLASS,2016-05-12,2016-05-16,2016-05-14
CNSHA,USA,SAME_DAY,2016-05-12,2016-05-12,2016-05-12
CNSHA,USA,STANDARD_CLASS,2016-05-12,2016-05-18,2016-05-16
CNSHA,USA,STANDARD_CLASS,2016-05-12,2016-05-15,2016-05-16
CNSHA,USA,SECOND_CLASS,2016-05-12,2016-05-14,2016-05-14
CNSHA,USA,STANDARD_CLASS,2016-05-12,2016-05-14,2016-05-16
CNSHA,USA,SECOND_CLASS,2016-05-12,2016-05-15,2016-05-14
CNSHA,USA,STANDARD_CLASS,2016-05-12,2016-05-15,2016-05-16
CNSHA,USA,SAME_DAY,2016-05-12,2016-05-12,2016-05-12
CNSHA,USA,STANDARD_CLASS,2016-05-13,2016-05-16,2016-05-17
CNSHA,USA,SAME_DAY,2016-05-13,2016-05-13,2016-05-13
CNSHA,USA,SECOND_CLASS,2016-05-13,2016-05-19,2016-05-15
CNSHA,USA,FIRST_CLASS,2016-05-13,2016-05-15,2016-05-14
CNSHA,USA,STANDARD_CLASS,2016-05-13,2016-05-16,2016-05-17
CNSHA,USA,SAME_DAY,2016-05-13,2016-05-14,2016-05-13
CNSHA,USA,STANDARD_CLASS,2016-05-13,2016-05-19,2016-05-17
CNSHA,USA,FIRST_CLASS,2016-05-13,2016-05-15,2016-05-14
CNSHA,USA,STANDARD_CLASS,2016-05-13,2016-05-17,2016-05-17
CNSHA,USA,FIRST_CLASS,2016-05-13,2016-05-15,2016-05-14
CNSHA,USA,SAME_DAY,2016-05-13,2016-05-13,2016-05-13
CNSHA,USA,SAME_DAY,2016-05-13,2016-05-13,2016-05-13
CNSHA,USA,SAME_DAY,2016-05-13,2016-05-13,2016-05-13
CNSHA,USA,STANDARD_CLASS,2016-05-13,2016-05-17,2016-05-17
CNSHA,USA,SAME_DAY,2016-05-13,2016-05-13,2016-05-13
CNSHA,USA,STANDARD_CLASS,2016-05-13,2016-05-16,2016-05-17
CNSHA,USA,STANDARD_CLASS,2016-05-13,2016-05-17,2016-05-17
CNSHA,USA,STANDARD_CLASS,2016-05-13,2016-05-18,2016-05-17
CNSHA,USA,SAME_DAY,2016-05-13,2016-05-13,2016-05-13
CNSHA,USA,SECOND_CLASS,2016-05-13,2016-05-16,2016-05-15
CNSHA,USA,STANDARD_CLASS,2016-05-13,2016-05-19,2016-05-17
CNSHA,USA,STANDARD_CLASS,2016-05-13,2016-05-17,2016-05-17
CNSHA,USA,SECOND_CLASS,2016-05-13,2016-05-19,2016-05-15
CNSHA,USA,STANDARD_CLASS,2016-05-13,2016-05-17,2016-05-17
CNSHA,USA,SAME_DAY,2016-05-13,2016-05-13,2016-05-13
CNSHA,USA,SECOND_CLASS,2016-05-13,2016-05-17,2016-05-15
CNSHA,USA,SAME_DAY,2016-05-13,2016-05-13,2016-05-13
CNSHA,USA,STANDARD_CLASS,2016-05-14,2016-05-19,2016-05-18
CNSHA,USA,STANDARD_CLASS,2016-05-14,2016-05-16,2016-05-18
CNSHA,USA,FIRST_CLASS,2016-05-14,2016-05-16,2016-05-15
CNSHA,USA,SECOND_CLASS,2016-05-14,2016-05-16,2016-05-16
CNSHA,USA,STANDARD_CLASS,2016-05-14,2016-05-16,2016-05-18
CNSHA,USA,FIRST_CLASS,2016-05-14,2016-05-16,2016-05-15
CNSHA,USA,FIRST_CLASS,2016-05-14,2016-05-16,2016-05-15
CNSHA,USA,SECOND_CLASS,2016-05-14,2016-05-17,2016-05-16
CNSHA,USA,FIRST_CLASS,2016-05-14,2016-05-16,2016-05-15
CNSHA,USA,FIRST_CLASS,2016-05-14,2016-05-16,2016-05-15
CNSHA,USA,STANDARD_CLASS,2016-05-14,2016-05-20,2016-05-18
CNSHA,USA,STANDARD_CLASS,2016-05-14,2016-05-16,2016-05-18
CNSHA,USA,STANDARD_CLASS,2016-05-14,2016-05-17,2016-05-18
CNSHA,USA,STANDARD_CLASS,2016-05-14,2016-05-18,2016-05-18
CNSHA,USA,STANDARD_CLASS,2016-05-14,2016-05-20,2016-05-18
CNSHA,USA,STANDARD_CLASS,2016-05-14,2016-05-20,2016-05-18
CNSHA,USA,FIRST_CLASS,2016-05-14,2016-05-16,2016-05-15
CNSHA,USA,FIRST_CLASS,2016-05-14,2016-05-16,2016-05-15
CNSHA,USA,STANDARD_CLASS,2016-05-14,2016-05-20,2016-05-18
CNSHA,USA,STANDARD_CLASS,2016-05-14,2016-05-20,2016-05-18
CNSHA,USA,STANDARD_CLASS,2016-05-14,2016-05-18,2016-05-18
CNSHA,USA,STANDARD_CLASS,2016-05-14,2016-05-17,2016-05-18
CNSHA,USA,SECOND_CLASS,2016-05-14,2016-05-18,2016-05-16
CNSHA,USA,FIRST_CLASS,2016-05-14,2016-05-16,2016-05-15
CNSHA,USA,STANDARD_CLASS,2016-05-14,2016-05-17,2016-05-18
CNSHA,USA,STANDARD_CLASS,2016-05-14,2016-05-16,2016-05-18
CNSHA,USA,SECOND_CLASS,2016-05-14,2016-05-16,2016-05-16
CNSHA,USA,FIRST_CLASS,2016-05-14,2016-05-16,2016-05-15
CNSHA,USA,STANDARD_CLASS,2016-05-14,2016-05-18,2016-05-18
CNSHA,USA,SECOND_CLASS,2016-05-15,2016-05-21,2016-05-17
CNSHA,USA,STANDARD_CLASS,2016-05-15,2016-05-17,2016-05-19
CNSHA,USA,STANDARD_CLASS,2016-05-15,2016-05-21,2016-05-19
CNSHA,USA,SECOND_CLASS,2016-05-15,2016-05-21,2016-05-17
CNSHA,USA,STANDARD_CLASS,2016-05-15,2016-05-19,2016-05-19
CNSHA,USA,STANDARD_CLASS,2016-05-15,2016-05-20,2016-05-19
CNSHA,USA,STANDARD_CLASS,2016-05-15,2016-05-21,2016-05-19
CNSHA,USA,STANDARD_CLASS,2016-05-15,2016-05-18,2016-05-19
CNSHA,USA,STANDARD_CLASS,2016-05-15,2016-05-17,2016-05-19
CNSHA,USA,STANDARD_CLASS,2016-05-15,2016-05-17,2016-05-19
CNSHA,USA,SAME_DAY,2016-05-15,2016-05-16,2016-05-15
CNSHA,USA,SECOND_CLASS,2016-05-15,2016-05-20,2016-05-17
CNSHA,USA,STANDARD_CLASS,2016-05-15,2016-05-20,2016-05-19
CNSHA,USA,FIRST_CLASS,2016-05-15,2016-05-17,2016-05-16
CNSHA,USA,STANDARD_CLASS,2016-05-15,2016-05-21,2016-05-19
CNSHA,USA,STANDARD_CLASS,2016-05-15,2016-05-18,2016-05-19
CNSHA,USA,STANDARD_CLASS,2016-05-15,2016-05-20,2016-05-19
CNSHA,USA,STANDARD_CLASS,2016-05-15,2016-05-18,2016-05-19
CNSHA,USA,FIRST_CLASS,2016-05-15,2016-05-17,2016-05-16
CNSHA,USA,STANDARD_CLASS,2016-05-15,2016-05-20,2016-05-19
CNSHA,USA,STANDARD_CLASS,2016-05-15,2016-05-17,2016-05-19
CNSHA,USA,STANDARD_CLASS,2016-05-15,2016-05-20,2016-05-19
CNSHA,USA,SECOND_CLASS,2016-05-15,2016-05-20,2016-05-17
CNSHA,USA,STANDARD_CLASS,2016-05-15,2016-05-18,2016-05-19
CNSHA,USA,SECOND_CLASS,2016-05-15,2016-05-20,2016-05-17
CNSHA,USA,STANDARD_CLASS,2016-05-15,2016-05-20,2016-05-19
CNSHA,USA,SECOND_CLASS,2016-05-16,2016-05-21,2016-05-18
CNSHA,USA,SAME_DAY,2016-05-16,2016-05-16,2016-05-16
CNSHA,USA,SECOND_CLASS,2016-05-16,2016-05-22,2016-05-18
CNSHA,USA,FIRST_CLASS,2016-05-16,2016-05-18,2016-05-17
CNSHA,USA,STANDARD_CLASS,2016-05-16,2016-05-20,2016-05-20
CNSHA,USA,SAME_DAY,2016-05-16,2016-05-17,2016-05-16
CNSHA,USA,STANDARD_CLASS,2016-05-16,2016-05-18,2016-05-20
CNSHA,USA,FIRST_CLASS,2016-05-16,2016-05-18,2016-05-17
CNSHA,USA,STANDARD_CLASS,2016-05-16,2016-05-19,2016-05-20
CNSHA,USA,FIRST_CLASS,2016-05-16,2016-05-18,2016-05-17
CNSHA,USA,FIRST_CLASS,2016-05-16,2016-05-18,2016-05-17
CNSHA,USA,STANDARD_CLASS,2016-05-16,2016-05-18,2016-05-20
CNSHA,USA,FIRST_CLASS,2016-05-16,2016-05-18,2016-05-17
CNSHA,USA,STANDARD_CLASS,2016-05-16,2016-05-18,2016-05-20
CNSHA,USA,FIRST_CLASS,2016-05-16,2016-05-18,2016-05-17
CNSHA,USA,SAME_DAY,2016-05-16,2016-05-17,2016-05-16
CNSHA,USA,SAME_DAY,2016-05-16,2016-05-16,2016-05-16
CNSHA,USA,SAME_DAY,2016-05-16,2016-05-16,2016-05-16
CNSHA,USA,SECOND_CLASS,2016-05-16,2016-05-22,2016-05-18
CNSHA,USA,STANDARD_CLASS,2016-05-16,2016-05-19,2016-05-20
CNSHA,USA,SECOND_CLASS,2016-05-16,2016-05-19,2016-05-18
CNSHA,USA,STANDARD_CLASS,2016-05-16,2016-05-20,2016-05-20
CNSHA,USA,STANDARD_CLASS,2016-05-16,2016-05-19,2016-05-20
CNSHA,USA,SAME_DAY,2016-05-16,2016-05-17,2016-05-16
CNSHA,USA,STANDARD_CLASS,2016-05-16,2016-05-20,2016-05-20
CNSHA,USA,SECOND_CLASS,2016-05-16,2016-05-19,2016-05-18
CNSHA,USA,STANDARD_CLASS,2016-05-17,2016-05-21,2016-05-21
CNSHA,USA,STANDARD_CLASS,2016-05-17,2016-05-21,2016-05-21
CNSHA,USA,SECOND_CLASS,2016-05-17,2016-05-23,2016-05-19
CNSHA,USA,SECOND_CLASS,2016-05-17,2016-05-19,2016-05-19
CNSHA,USA,FIRST_CLASS,2016-05-17,2016-05-19,2016-05-18
CNSHA,USA,STANDARD_CLASS,2016-05-17,2016-05-23,2016-05-21
CNSHA,USA,SECOND_CLASS,2016-05-17,2016-05-19,2016-05-19
CNSHA,USA,STANDARD_CLASS,2016-05-17,2016-05-20,2016-05-21
CNSHA,USA,STANDARD_CLASS,2016-05-17,2016-05-19,2016-05-21
CNSHA,USA,STANDARD_CLASS,2016-05-17,2016-05-20,2016-05-21
CNSHA,USA,SECOND_CLASS,2016-05-17,2016-05-22,2016-05-19
CNSHA,USA,FIRST_CLASS,2016-05-17,2016-05-19,2016-05-18
CNSHA,USA,STANDARD_CLASS,2016-05-17,2016-05-20,2016-05-21
CNSHA,USA,SECOND_CLASS,2016-05-17,2016-05-20,2016-05-19
CNSHA,USA,STANDARD_CLASS,2016-05-17,2016-05-21,2016-05-21
CNSHA,USA,SECOND_CLASS,2016-05-17,2016-05-20,2016-05-19
CNSHA,USA,STANDARD_CLASS,2016-05-17,2016-05-23,2016-05-21
CNSHA,USA,STANDARD_CLASS,2016-05-17,2016-05-22,2016-05-21
CNSHA,USA,SECOND_CLASS,2016-05-17,2016-05-19,2016-05-19
CNSHA,USA,FIRST_CLASS,2016-05-17,2016-05-19,2016-05-18
CNSHA,USA,STANDARD_CLASS,2016-05-17,2016-05-20,2016-05-21
CNSHA,USA,SECOND_CLASS,2016-05-17,2016-05-20,2016-05-19
CNSHA,USA,SECOND_CLASS,2016-05-17,2016-05-19,2016-05-19
CNSHA,USA,FIRST_CLASS,2016-05-17,2016-05-19,2016-05-18
CNSHA,USA,SECOND_CLASS,2016-05-17,2016-05-19,2016-05-19
CNSHA,USA,SECOND_CLASS,2016-05-17,2016-05-21,2016-05-19
CNSHA,USA,SECOND_CLASS,2016-05-17,2016-05-20,2016-05-19
CNSHA,USA,STANDARD_CLASS,2016-05-17,2016-05-22,2016-05-21
CNSHA,USA,STANDARD_CLASS,2016-05-18,2016-05-20,2016-05-22
CNSHA,USA,STANDARD_CLASS,2016-05-18,2016-05-22,2016-05-22
CNSHA,USA,STANDARD_CLASS,2016-05-18,2016-05-20,2016-05-22
CNSHA,USA,STANDARD_CLASS,2016-05-18,2016-05-23,2016-05-22
CNSHA,USA,STANDARD_CLASS,2016-05-18,2016-05-23,2016-05-22
CNSHA,USA,SAME_DAY,2016-05-18,2016-05-19,2016-05-18
CNSHA,USA,STANDARD_CLASS,2016-05-18,2016-05-23,2016-05-22
CNSHA,USA,SECOND_CLASS,2016-05-18,2016-05-23,2016-05-20
CNSHA,USA,FIRST_CLASS,2016-05-18,2016-05-20,2016-05-19
CNSHA,USA,STANDARD_CLASS,2016-05-18,2016-05-24,2016-05-22
CNSHA,USA,STANDARD_CLASS,2016-05-18,2016-05-24,2016-05-22
CNSHA,USA,STANDARD_CLASS,2016-05-18,2016-05-22,2016-05-22
CNSHA,USA,STANDARD_CLASS,2016-05-18,2016-05-23,2016-05-22
CNSHA,USA,FIRST_CLASS,2016-05-18,2016-05-20,2016-05-19
CNSHA,USA,STANDARD_CLASS,2016-05-18,2016-05-21,2016-05-22
CNSHA,USA,FIRST_CLASS,2016-05-18,2016-05-20,2016-05-19
CNSHA,USA,STANDARD_CLASS,2016-05-18,2016-05-21,2016-05-22
CNSHA,USA,SAME_DAY,2016-05-18,2016-05-18,2016-05-18
CNSHA,USA,STANDARD_CLASS,2016-05-18,2016-05-23,2016-05-22
CNSHA,USA,SECOND_CLASS,2016-05-18,2016-05-22,2016-05-20
CNSHA,USA,STANDARD_CLASS,2016-05-18,2016-05-21,2016-05-22
CNSHA,USA,STANDARD_CLASS,2016-05-18,2016-05-23,2016-05-22
CNSHA,USA,STANDARD_CLASS,2016-05-18,2016-05-21,2016-05-22
CNSHA,USA,STANDARD_CLASS,2016-05-18,2016-05-22,2016-05-22
CNSHA,USA,STANDARD_CLASS,2016-05-18,2016-05-20,2016-05-22
CNSHA,USA,STANDARD_CLASS,2016-05-18,2016-05-22,2016-05-22
CNSHA,USA,STANDARD_CLASS,2016-05-18,2016-05-24,2016-05-22
CNSHA,USA,STANDARD_CLASS,2016-05-19,2016-05-24,2016-05-23
CNSHA,USA,STANDARD_CLASS,2016-05-19,2016-05-25,2016-05-23
CNSHA,USA,FIRST_CLASS,2016-05-19,2016-05-21,2016-05-20
CNSHA,USA,STANDARD_CLASS,2016-05-19,2016-05-23,2016-05-23
CNSHA,USA,STANDARD_CLASS,2016-05-19,2016-05-24,2016-05-23
CNSHA,USA,STANDARD_CLASS,2016-05-19,2016-05-22,2016-05-23
CNSHA,USA,STANDARD_CLASS,2016-05-19,2016-05-24,2016-05-23
CNSHA,USA,FIRST_CLASS,2016-05-19,2016-05-21,2016-05-20
CNSHA,USA,STANDARD_CLASS,2016-05-19,2016-05-23,2016-05-23
CNSHA,USA,SECOND_CLASS,2016-05-19,2016-05-23,2016-05-21
CNSHA,USA,FIRST_CLASS,2016-05-19,2016-05-21,2016-05-20
CNSHA,USA,STANDARD_CLASS,2016-05-19,2016-05-22,2016-05-23
CNSHA,USA,STANDARD_CLASS,2016-05-19,2016-05-25,2016-05-23
CNSHA,USA,STANDARD_CLASS,2016-05-19,2016-05-25,2016-05-23
CNSHA,USA,STANDARD_CLASS,2016-05-19,2016-05-22,2016-05-23
CNSHA,USA,STANDARD_CLASS,2016-05-19,2016-05-24,2016-05-23
CNSHA,USA,STANDARD_CLASS,2016-05-19,2016-05-25,2016-05-23
CNSHA,USA,SECOND_CLASS,2016-05-19,2016-05-23,2016-05-21
CNSHA,USA,STANDARD_CLASS,2016-05-19,2016-05-23,2016-05-23
CNSHA,USA,STANDARD_CLASS,2016-05-19,2016-05-22,2016-05-23
CNSHA,USA,SECOND_CLASS,2016-05-19,2016-05-24,2016-05-21
CNSHA,USA,SECOND_CLASS,2016-05-19,2016-05-24,2016-05-21
CNSHA,USA,SECOND_CLASS,2016-05-19,2016-05-21,2016-05-21
CNSHA,USA,SECOND_CLASS,2016-05-19,2016-05-22,2016-05-21
CNSHA,USA,STANDARD_CLASS,2016-05-19,2016-05-23,2016-05-23
CNSHA,USA,STANDARD_CLASS,2016-05-20,2016-05-22,2016-05-24
CNSHA,USA,SECOND_CLASS,2016-05-20,2016-05-24,2016-05-22
CNSHA,USA,SECOND_CLASS,2016-05-20,2016-05-25,2016-05-22
CNSHA,USA,SECOND_CLASS,2016-05-20,2016-05-24,2016-05-22
CNSHA,USA,STANDARD_CLASS,2016-05-20,2016-05-25,2016-05-24
CNSHA,USA,FIRST_CLASS,2016-05-20,2016-05-22,2016-05-21
CNSHA,USA,STANDARD_CLASS,2016-05-20,2016-05-25,2016-05-24
CNSHA,USA,STANDARD_CLASS,2016-05-20,2016-05-24,2016-05-24
CNSHA,USA,SECOND_CLASS,2016-05-20,2016-05-26,2016-05-22
CNSHA,USA,FIRST_CLASS,2016-05-20,2016-05-22,2016-05-21
CNSHA,USA,STANDARD_CLASS,2016-05-20,2016-05-25,2016-05-24
CNSHA,USA,STANDARD_CLASS,2016-05-20,2016-05-26,2016-05-24
CNSHA,USA,STANDARD_CLASS,2016-05-20,2016-05-25,2016-05-24
CNSHA,USA,SECOND_CLASS,2016-05-20,2016-05-24,2016-05-22
CNSHA,USA,SECOND_CLASS,2016-05-20,2016-05-22,2016-05-22
CNSHA,USA,STANDARD_CLASS,2016-05-20,2016-05-23,2016-05-24
CNSHA,USA,FIRST_CLASS,2016-05-20,2016-05-22,2016-05-21
CNSHA,USA,STANDARD_CLASS,2016-05-20,2016-05-23,2016-05-24
CNSHA,USA,STANDARD_CLASS,2016-05-20,2016-05-23,2016-05-24
CNSHA,USA,STANDARD_CLASS,2016-05-20,2016-05-25,2016-05-24
CNSHA,USA,STANDARD_CLASS,2016-05-20,2016-05-24,2016-05-24
CNSHA,USA,SECOND_CLASS,2016-05-20,2016-05-25,2016-05-22
CNSHA,USA,STANDARD_CLASS,2016-05-20,2016-05-25,2016-05-24
CNSHA,USA,FIRST_CLASS,2016-05-20,2016-05-22,2016-05-21
CNSHA,USA,FIRST_CLASS,2016-05-20,2016-05-22,2016-05-21
CNSHA,USA,FIRST_CLASS,2016-05-20,2016-05-22,2016-05-21
CNSHA,USA,SECOND_CLASS,2016-05-20,2016-05-24,2016-05-22
CNSHA,USA,STANDARD_CLASS,2016-05-20,2016-05-23,2016-05-24
CNSHA,USA,FIRST_CLASS,2016-05-20,2016-05-22,2016-05-21
CNSHA,USA,STANDARD_CLASS,2016-05-20,2016-05-22,2016-05-24
CNSHA,USA,STANDARD_CLASS,2016-05-20,2016-05-22,2016-05-24
CNSHA,USA,FIRST_CLASS,2016-05-20,2016-05-22,2016-05-21
CNSHA,USA,STANDARD_CLASS,2016-05-20,2016-05-25,2016-05-24
CNSHA,USA,STANDARD_CLASS,2016-05-20,2016-05-22,2016-05-24
CNSHA,USA,STANDARD_CLASS,2016-05-20,2016-05-23,2016-05-24
CNSHA,USA,STANDARD_CLASS,2016-05-21,2016-05-27,2016-05-25
CNSHA,USA,STANDARD_CLASS,2016-05-21,2016-05-23,2016-05-25
CNSHA,USA,STANDARD_CLASS,2016-05-21,2016-05-23,2016-05-25
CNSHA,USA,STANDARD_CLASS,2016-05-21,2016-05-25,2016-05-25
CNSHA,USA,STANDARD_CLASS,2016-05-21,2016-05-27,2016-05-25
CNSHA,USA,SECOND_CLASS,2016-05-21,2016-05-26,2016-05-23
CNSHA,USA,STANDARD_CLASS,2016-05-21,2016-05-27,2016-05-25
CNSHA,USA,FIRST_CLASS,2016-05-21,2016-05-23,2016-05-22
CNSHA,USA,SECOND_CLASS,2016-05-21,2016-05-25,2016-05-23
CNSHA,USA,STANDARD_CLASS,2016-05-21,2016-05-25,2016-05-25
CNSHA,USA,STANDARD_CLASS,2016-05-21,2016-05-24,2016-05-25
CNSHA,USA,STANDARD_CLASS,2016-05-21,2016-05-24,2016-05-25
CNSHA,USA,STANDARD_CLASS,2016-05-21,2016-05-24,2016-05-25
CNSHA,USA,STANDARD_CLASS,2016-05-21,2016-05-26,2016-05-25
CNSHA,USA,STANDARD_CLASS,2016-05-21,2016-05-24,2016-05-25
CNSHA,USA,STANDARD_CLASS,2016-05-21,2016-05-25,2016-05-25
CNSHA,USA,STANDARD_CLASS,2016-05-21,2016-05-25,2016-05-25
CNSHA,USA,STANDARD_CLASS,2016-05-21,2016-05-23,2016-05-25
CNSHA,USA,SECOND_CLASS,2016-05-21,2016-05-27,2016-05-23
CNSHA,USA,STANDARD_CLASS,2016-05-21,2016-05-26,2016-05-25
CNSHA,USA,FIRST_CLASS,2016-05-21,2016-05-23,2016-05-22
CNSHA,USA,STANDARD_CLASS,2016-05-21,2016-05-25,2016-05-25
CNSHA,USA,STANDARD_CLASS,2016-05-21,2016-05-23,2016-05-25
CNSHA,USA,FIRST_CLASS,2016-05-21,2016-05-23,2016-05-22
CNSHA,USA,STANDARD_CLASS,2016-05-21,2016-05-25,2016-05-25
CNSHA,USA,STANDARD_CLASS,2016-05-21,2016-05-27,2016-05-25
CNSHA,USA,FIRST_CLASS,2016-05-21,2016-05-23,2016-05-22
CNSHA,USA,STANDARD_CLASS,2016-05-21,2016-05-25,2016-05-25
CNSHA,USA,STANDARD_CLASS,2016-05-21,2016-05-27,2016-05-25
CNSHA,USA,FIRST_CLASS,2016-05-21,2016-05-23,2016-05-22
CNSHA,USA,FIRST_CLASS,2016-05-21,2016-05-23,2016-05-22
CNSHA,USA,STANDARD_CLASS,2016-05-21,2016-05-23,2016-05-25
CNSHA,USA,FIRST_CLASS,2016-05-21,2016-05-23,2016-05-22
CNSHA,USA,STANDARD_CLASS,2016-05-22,2016-05-27,2016-05-26
CNSHA,USA,FIRST_CLASS,2016-05-22,2016-05-24,2016-05-23
CNSHA,USA,STANDARD_CLASS,2016-05-22,2016-05-26,2016-05-26
CNSHA,USA,SAME_DAY,2016-05-22,2016-05-22,2016-05-22
CNSHA,USA,SAME_DAY,2016-05-22,2016-05-22,2016-05-22
CNSHA,USA,FIRST_CLASS,2016-05-22,2016-05-24,2016-05-23
CNSHA,USA,STANDARD_CLASS,2016-05-22,2016-05-26,2016-05-26
CNSHA,USA,FIRST_CLASS,2016-05-22,2016-05-24,2016-05-23
CNSHA,USA,SECOND_CLASS,2016-05-22,2016-05-28,2016-05-24
CNSHA,USA,STANDARD_CLASS,2016-05-22,2016-05-24,2016-05-26
CNSHA,USA,FIRST_CLASS,2016-05-22,2016-05-24,2016-05-23
CNSHA,USA,SAME_DAY,2016-05-22,2016-05-22,2016-05-22
CNSHA,USA,SAME_DAY,2016-05-22,2016-05-22,2016-05-22
CNSHA,USA,SAME_DAY,2016-05-22,2016-05-22,2016-05-22
CNSHA,USA,SECOND_CLASS,2016-05-22,2016-05-28,2016-05-24
CNSHA,USA,STANDARD_CLASS,2016-05-22,2016-05-26,2016-05-26
CNSHA,USA,STANDARD_CLASS,2016-05-22,2016-05-24,2016-05-26
CNSHA,USA,STANDARD_CLASS,2016-05-22,2016-05-25,2016-05-26
CNSHA,USA,SECOND_CLASS,2016-05-22,2016-05-24,2016-05-24
CNSHA,USA,STANDARD_CLASS,2016-05-22,2016-05-28,2016-05-26
CNSHA,USA,SECOND_CLASS,2016-05-22,2016-05-24,2016-05-24
CNSHA,USA,SAME_DAY,2016-05-22,2016-05-22,2016-05-22
CNSHA,USA,STANDARD_CLASS,2016-05-22,2016-05-28,2016-05-26
CNSHA,USA,STANDARD_CLASS,2016-05-22,2016-05-27,2016-05-26
CNSHA,USA,SECOND_CLASS,2016-05-22,2016-05-24,2016-05-24
CNSHA,USA,FIRST_CLASS,2016-05-22,2016-05-24,2016-05-23
CNSHA,USA,STANDARD_CLASS,2016-05-23,2016-05-26,2016-05-27
CNSHA,USA,SECOND_CLASS,2016-05-23,2016-05-29,2016-05-25
CNSHA,USA,STANDARD_CLASS,2016-05-23,2016-05-28,2016-05-27
CNSHA,USA,STANDARD_CLASS,2016-05-23,2016-05-25,2016-05-27
CNSHA,USA,SECOND_CLASS,2016-05-23,2016-05-25,2016-05-25
CNSHA,USA,STANDARD_CLASS,2016-05-23,2016-05-26,2016-05-27
CNSHA,USA,STANDARD_CLASS,2016-05-23,2016-05-26,2016-05-27
CNSHA,USA,STANDARD_CLASS,2016-05-23,2016-05-26,2016-05-27
CNSHA,USA,STANDARD_CLASS,2016-05-23,2016-05-28,2016-05-27
CNSHA,USA,STANDARD_CLASS,2016-05-23,2016-05-26,2016-05-27
CNSHA,USA,STANDARD_CLASS,2016-05-23,2016-05-28,2016-05-27
CNSHA,USA,STANDARD_CLASS,2016-05-23,2016-05-28,2016-05-27
CNSHA,USA,SECOND_CLASS,2016-05-23,2016-05-27,2016-05-25
CNSHA,USA,STANDARD_CLASS,2016-05-23,2016-05-27,2016-05-27
CNSHA,USA,STANDARD_CLASS,2016-05-23,2016-05-29,2016-05-27
CNSHA,USA,STANDARD_CLASS,2016-05-23,2016-05-26,2016-05-27
CNSHA,USA,STANDARD_CLASS,2016-05-23,2016-05-26,2016-05-27
CNSHA,USA,SAME_DAY,2016-05-23,2016-05-24,2016-05-23
CNSHA,USA,STANDARD_CLASS,2016-05-23,2016-05-28,2016-05-27
CNSHA,USA,STANDARD_CLASS,2016-05-23,2016-05-28,2016-05-27
CNSHA,USA,STANDARD_CLASS,2016-05-23,2016-05-28,2016-05-27
CNSHA,USA,STANDARD_CLASS,2016-05-23,2016-05-29,2016-05-27
CNSHA,USA,SECOND_CLASS,2016-05-23,2016-05-27,2016-05-25
CNSHA,USA,STANDARD_CLASS,2016-05-23,2016-05-28,2016-05-27
CNSHA,USA,STANDARD_CLASS,2016-05-23,2016-05-25,2016-05-27
CNSHA,USA,STANDARD_CLASS,2016-05-23,2016-05-27,2016-05-27
CNSHA,USA,STANDARD_CLASS,2016-05-23,2016-05-28,2016-05-27
CNSHA,USA,STANDARD_CLASS,2016-05-23,2016-05-27,2016-05-27
CNSHA,USA,STANDARD_CLASS,2016-05-23,2016-05-27,2016-05-27
CNSHA,USA,SECOND_CLASS,2016-05-23,2016-05-29,2016-05-25
CNSHA,USA,STANDARD_CLASS,2016-05-23,2016-05-25,2016-05-27
CNSHA,USA,STANDARD_CLASS,2016-05-24,2016-05-26,2016-05-28
CNSHA,USA,STANDARD_CLASS,2016-05-24,2016-05-28,2016-05-28
CNSHA,USA,SECOND_CLASS,2016-05-24,2016-05-28,2016-05-26
CNSHA,USA,SECOND_CLASS,2016-05-24,2016-05-28,2016-05-26
CNSHA,USA,STANDARD_CLASS,2016-05-24,2016-05-29,2016-05-28
CNSHA,USA,FIRST_CLASS,2016-05-24,2016-05-26,2016-05-25
CNSHA,USA,FIRST_CLASS,2016-05-24,2016-05-26,2016-05-25
CNSHA,USA,SECOND_CLASS,2016-05-24,2016-05-27,2016-05-26
CNSHA,USA,STANDARD_CLASS,2016-05-24,2016-05-28,2016-05-28
CNSHA,USA,STANDARD_CLASS,2016-05-24,2016-05-26,2016-05-28
CNSHA,USA,STANDARD_CLASS,2016-05-24,2016-05-29,2016-05-28
CNSHA,USA,STANDARD_CLASS,2016-05-24,2016-05-28,2016-05-28
CNSHA,USA,FIRST_CLASS,2016-05-24,2016-05-26,2016-05-25
CNSHA,USA,STANDARD_CLASS,2016-05-24,2016-05-28,2016-05-28
CNSHA,USA,FIRST_CLASS,2016-05-24,2016-05-26,2016-05-25
CNSHA,USA,SECOND_CLASS,2016-05-24,2016-05-27,2016-05-26
CNSHA,USA,FIRST_CLASS,2016-05-24,2016-05-26,2016-05-25
CNSHA,USA,FIRST_CLASS,2016-05-24,2016-05-26,2016-05-25
CNSHA,USA,STANDARD_CLASS,2016-05-24,2016-05-28,2016-05-28
CNSHA,USA,SECOND_CLASS,2016-05-24,2016-05-30,2016-05-26
CNSHA,USA,STANDARD_CLASS,2016-05-24,2016-05-27,2016-05-28
CNSHA,USA,STANDARD_CLASS,2016-05-24,2016-05-26,2016-05-28
CNSHA,USA,FIRST_CLASS,2016-05-24,2016-05-26,2016-05-25
CNSHA,USA,SECOND_CLASS,2016-05-24,2016-05-27,2016-05-26
CNSHA,USA,SECOND_CLASS,2016-05-24,2016-05-27,2016-05-26
CNSHA,USA,STANDARD_CLASS,2016-05-24,2016-05-28,2016-05-28
CNSHA,USA,FIRST_CLASS,2016-05-24,2016-05-26,2016-05-25
CNSHA,USA,STANDARD_CLASS,2016-05-24,2016-05-29,2016-05-28
CNSHA,USA,FIRST_CLASS,2016-05-24,2016-05-26,2016-05-25
CNSHA,USA,SECOND_CLASS,2016-05-24,2016-05-30,2016-05-26
CNSHA,USA,FIRST_CLASS,2016-05-24,2016-05-26,2016-05-25
CNSHA,USA,STANDARD_CLASS,2016-05-24,2016-05-30,2016-05-28
CNSHA,USA,SECOND_CLASS,2016-05-24,2016-05-27,2016-05-26
CNSHA,USA,STANDARD_CLASS,2016-05-25,2016-05-28,2016-05-29
CNSHA,USA,SECOND_CLASS,2016-05-25,2016-05-31,2016-05-27
CNSHA,USA,STANDARD_CLASS,2016-05-25,2016-05-28,2016-05-29
CNSHA,USA,SECOND_CLASS,2016-05-25,2016-05-29,2016-05-27
CNSHA,USA,STANDARD_CLASS,2016-05-25,2016-05-28,2016-05-29
CNSHA,USA,SECOND_CLASS,2016-05-25,2016-05-29,2016-05-27
CNSHA,USA,STANDARD_CLASS,2016-05-25,2016-05-31,2016-05-29
CNSHA,USA,STANDARD_CLASS,2016-05-25,2016-05-31,2016-05-29
CNSHA,USA,STANDARD_CLASS,2016-05-25,2016-05-29,2016-05-29
CNSHA,USA,STANDARD_CLASS,2016-05-25,2016-05-27,2016-05-29
CNSHA,USA,SECOND_CLASS,2016-05-25,2016-05-31,2016-05-27
CNSHA,USA,STANDARD_CLASS,2016-05-25,2016-05-29,2016-05-29
CNSHA,USA,STANDARD_CLASS,2016-05-25,2016-05-30,2016-05-29
CNSHA,USA,STANDARD_CLASS,2016-05-25,2016-05-30,2016-05-29
CNSHA,USA,FIRST_CLASS,2016-05-25,2016-05-27,2016-05-26
CNSHA,USA,STANDARD_CLASS,2016-05-25,2016-05-30,2016-05-29
CNSHA,USA,STANDARD_CLASS,2016-05-25,2016-05-27,2016-05-29
CNSHA,USA,STANDARD_CLASS,2016-05-25,2016-05-29,2016-05-29
CNSHA,USA,STANDARD_CLASS,2016-05-25,2016-05-28,2016-05-29
CNSHA,USA,STANDARD_CLASS,2016-05-25,2016-05-29,2016-05-29
CNSHA,USA,FIRST_CLASS,2016-05-25,2016-05-27,2016-05-26
CNSHA,USA,SECOND_CLASS,2016-05-25,2016-05-27,2016-05-27
CNSHA,USA,FIRST_CLASS,2016-05-25,2016-05-27,2016-05-26
CNSHA,USA,FIRST_CLASS,2016-05-25,2016-05-27,2016-05-26
CNSHA,USA,STANDARD_CLASS,2016-05-25,2016-05-28,2016-05-29
CNSHA,USA,SECOND_CLASS,2016-05-25,2016-05-27,2016-05-27
CNSHA,USA,STANDARD_CLASS,2016-05-25,2016-05-28,2016-05-29
CNSHA,USA,STANDARD_CLASS,2016-05-25,2016-05-29,2016-05-29
CNSHA,USA,STANDARD_CLASS,2016-05-25,2016-05-31,2016-05-29
CNSHA,USA,FIRST_CLASS,2016-05-26,2016-05-28,2016-05-27
CNSHA,USA,STANDARD_CLASS,2016-05-26,2016-06-01,2016-05-30
CNSHA,USA,SECOND_CLASS,2016-05-26,2016-05-30,2016-05-28
CNSHA,USA,STANDARD_CLASS,2016-05-26,2016-05-28,2016-05-30
CNSHA,USA,STANDARD_CLASS,2016-05-26,2016-05-28,2016-05-30
CNSHA,USA,SAME_DAY,2016-05-26,2016-05-26,2016-05-26
CNSHA,USA,FIRST_CLASS,2016-05-26,2016-05-28,2016-05-27
CNSHA,USA,SECOND_CLASS,2016-05-26,2016-05-31,2016-05-28
CNSHA,USA,STANDARD_CLASS,2016-05-26,2016-05-30,2016-05-30
CNSHA,USA,SECOND_CLASS,2016-05-26,2016-06-01,2016-05-28
CNSHA,USA,FIRST_CLASS,2016-05-26,2016-05-28,2016-05-27
CNSHA,USA,STANDARD_CLASS,2016-05-26,2016-06-01,2016-05-30
CNSHA,USA,STANDARD_CLASS,2016-05-26,2016-05-29,2016-05-30
CNSHA,USA,STANDARD_CLASS,2016-05-26,2016-06-01,2016-05-30
CNSHA,USA,STANDARD_CLASS,2016-05-26,2016-06-01,2016-05-30
CNSHA,USA,SECOND_CLASS,2016-05-26,2016-05-30,2016-05-28
CNSHA,USA,SECOND_CLASS,2016-05-26,2016-05-30,2016-05-28
CNSHA,USA,FIRST_CLASS,2016-05-26,2016-05-28,2016-05-27
CNSHA,USA,SECOND_CLASS,2016-05-26,2016-05-29,2016-05-28
CNSHA,USA,STANDARD_CLASS,2016-05-26,2016-05-29,2016-05-30
CNSHA,USA,SECOND_CLASS,2016-05-26,2016-05-29,2016-05-28
CNSHA,USA,SECOND_CLASS,2016-05-26,2016-06-01,2016-05-28
CNSHA,USA,SECOND_CLASS,2016-05-26,2016-05-31,2016-05-28
CNSHA,USA,SECOND_CLASS,2016-05-27,2016-06-01,2016-05-29
CNSHA,USA,STANDARD_CLASS,2016-05-27,2016-05-31,2016-05-31
CNSHA,USA,STANDARD_CLASS,2016-05-27,2016-05-29,2016-05-31
CNSHA,USA,SECOND_CLASS,2016-05-27,2016-05-30,2016-05-29
CNSHA,USA,SECOND_CLASS,2016-05-27,2016-05-31,2016-05-29
CNSHA,USA,SECOND_CLASS,2016-05-27,2016-06-01,2016-05-29
CNSHA,USA,STANDARD_CLASS,2016-05-27,2016-06-02,2016-05-31
CNSHA,USA,STANDARD_CLASS,2016-05-27,2016-06-02,2016-05-31
CNSHA,USA,STANDARD_CLASS,2016-05-27,2016-06-02,2016-05-31
CNSHA,USA,STANDARD_CLASS,2016-05-27,2016-06-01,2016-05-31
CNSHA,USA,STANDARD_CLASS,2016-05-27,2016-06-01,2016-05-31
CNSHA,USA,STANDARD_CLASS,2016-05-27,2016-06-01,2016-05-31
CNSHA,USA,SECOND_CLASS,2016-05-27,2016-06-02,2016-05-29
CNSHA,USA,FIRST_CLASS,2016-05-27,2016-05-29,2016-05-28
CNSHA,USA,STANDARD_CLASS,2016-05-27,2016-06-02,2016-05-31
CNSHA,USA,STANDARD_CLASS,2016-05-27,2016-06-02,2016-05-31
CNSHA,USA,STANDARD_CLASS,2016-05-27,2016-05-31,2016-05-31
CNSHA,USA,STANDARD_CLASS,2016-05-27,2016-06-01,2016-05-31
CNSHA,USA,STANDARD_CLASS,2016-05-27,2016-06-01,2016-05-31
CNSHA,USA,SECOND_CLASS,2016-05-27,2016-05-29,2016-05-29
CNSHA,USA,STANDARD_CLASS,2016-05-27,2016-05-31,2016-05-31
CNSHA,USA,FIRST_CLASS,2016-05-27,2016-05-29,2016-05-28
CNSHA,USA,STANDARD_CLASS,2016-05-27,2016-05-31,2016-05-31
CNSHA,USA,STANDARD_CLASS,2016-05-27,2016-05-29,2016-05-31
CNSHA,USA,SECOND_CLASS,2016-05-27,2016-05-30,2016-05-29
CNSHA,USA,STANDARD_CLASS,2016-05-27,2016-05-29,2016-05-31
CNSHA,USA,SECOND_CLASS,2016-05-27,2016-05-31,2016-05-29
CNSHA,USA,STANDARD_CLASS,2016-05-27,2016-05-29,2016-05-31
CNSHA,USA,STANDARD_CLASS,2016-05-27,2016-05-31,2016-05-31
CNSHA,USA,STANDARD_CLASS,2016-05-27,2016-05-31,2016-05-31
CNSHA,USA,FIRST_CLASS,2016-05-27,2016-05-29,2016-05-28
CNSHA,USA,STANDARD_CLASS,2016-05-27,2016-06-01,2016-05-31
CNSHA,USA,STANDARD_CLASS,2016-05-28,2016-05-30,2016-06-01
CNSHA,USA,STANDARD_CLASS,2016-05-28,2016-06-02,2016-06-01
CNSHA,USA,STANDARD_CLASS,2016-05-28,2016-06-02,2016-06-01
CNSHA,USA,STANDARD_CLASS,2016-05-28,2016-06-02,2016-06-01
CNSHA,USA,STANDARD_CLASS,2016-05-28,2016-06-02,2016-06-01
CNSHA,USA,SECOND_CLASS,2016-05-28,2016-06-01,2016-05-30
CNSHA,USA,SECOND_CLASS,2016-05-28,2016-05-31,2016-05-30
CNSHA,USA,STANDARD_CLASS,2016-05-28,2016-06-01,2016-06-01
CNSHA,USA,STANDARD_CLASS,2016-05-28,2016-05-31,2016-06-01
CNSHA,USA,STANDARD_CLASS,2016-05-28,2016-06-01,2016-06-01
CNSHA,USA,STANDARD_CLASS,2016-05-28,2016-05-30,2016-06-01
CNSHA,USA,SECOND_CLASS,2016-05-28,2016-05-30,2016-05-30
CNSHA,USA,STANDARD_CLASS,2016-05-28,2016-05-31,2016-06-01
CNSHA,USA,STANDARD_CLASS,2016-05-28,2016-06-01,2016-06-01
CNSHA,USA,FIRST_CLASS,2016-05-28,2016-05-30,2016-05-29
CNSHA,USA,SECOND_CLASS,2016-05-28,2016-05-31,2016-05-30
CNSHA,USA,FIRST_CLASS,2016-05-28,2016-05-30,2016-05-29
CNSHA,USA,STANDARD_CLASS,2016-05-28,2016-06-03,2016-06-01
CNSHA,USA,STANDARD_CLASS,2016-05-28,2016-06-03,2016-06-01
CNSHA,USA,STANDARD_CLASS,2016-05-28,2016-06-03,2016-06-01
CNSHA,USA,STANDARD_CLASS,2016-05-28,2016-05-31,2016-06-01
CNSHA,USA,STANDARD_CLASS,2016-05-28,2016-06-01,2016-06-01
CNSHA,USA,FIRST_CLASS,2016-05-28,2016-05-30,2016-05-29
CNSHA,USA,STANDARD_CLASS,2016-05-28,2016-06-02,2016-06-01
CNSHA,USA,SAME_DAY,2016-05-29,2016-05-30,2016-05-29
CNSHA,USA,STANDARD_CLASS,2016-05-29,2016-06-04,2016-06-02
CNSHA,USA,FIRST_CLASS,2016-05-29,2016-05-31,2016-05-30
CNSHA,USA,STANDARD_CLASS,2016-05-29,2016-06-04,2016-06-02
CNSHA,USA,STANDARD_CLASS,2016-05-29,2016-06-01,2016-06-02
CNSHA,USA,STANDARD_CLASS,2016-05-29,2016-06-03,2016-06-02
CNSHA,USA,STANDARD_CLASS,2016-05-29,2016-06-01,2016-06-02
CNSHA,USA,STANDARD_CLASS,2016-05-29,2016-06-04,2016-06-02
CNSHA,USA,SECOND_CLASS,2016-05-29,2016-06-02,2016-05-31
CNSHA,USA,STANDARD_CLASS,2016-05-29,2016-05-31,2016-06-02
CNSHA,USA,STANDARD_CLASS,2016-05-29,2016-06-01,2016-06-02
CNSHA,USA,SECOND_CLASS,2016-05-29,2016-06-01,2016-05-31
CNSHA,USA,FIRST_CLASS,2016-05-29,2016-05-31,2016-05-30
CNSHA,USA,SECOND_CLASS,2016-05-29,2016-05-31,2016-05-31
CNSHA,USA,STANDARD_CLASS,2016-05-29,2016-05-31,2016-06-02
CNSHA,USA,STANDARD_CLASS,2016-05-29,2016-06-03,2016-06-02
CNSHA,USA,SAME_DAY,2016-05-29,2016-05-30,2016-05-29
CNSHA,USA,STANDARD_CLASS,2016-05-29,2016-06-03,2016-06-02
CNSHA,USA,STANDARD_CLASS,2016-05-29,2016-06-03,2016-06-02
CNSHA,USA,STANDARD_CLASS,2016-05-29,2016-06-03,2016-06-02
CNSHA,USA,STANDARD_CLASS,2016-05-29,2016-05-31,2016-06-02
CNSHA,USA,STANDARD_CLASS,2016-05-29,2016-05-31,2016-06-02
CNSHA,USA,STANDARD_CLASS,2016-05-29,2016-06-04,2016-06-02
CNSHA,USA,STANDARD_CLASS,2016-05-29,2016-06-03,2016-06-02
CNSHA,USA,STANDARD_CLASS,2016-05-29,2016-06-04,2016-06-02
CNSHA,USA,STANDARD_CLASS,2016-05-29,2016-06-03,2016-06-02
CNSHA,USA,FIRST_CLASS,2016-05-29,2016-05-31,2016-05-30
CNSHA,USA,SECOND_CLASS,2016-05-29,2016-06-04,2016-05-31
CNSHA,USA,STANDARD_CLASS,2016-05-30,2016-06-02,2016-06-03
CNSHA,USA,STANDARD_CLASS,2016-05-30,2016-06-03,2016-06-03
CNSHA,USA,SECOND_CLASS,2016-05-30,2016-06-01,2016-06-01
CNSHA,USA,SAME_DAY,2016-05-30,2016-05-31,2016-05-30
CNSHA,USA,FIRST_CLASS,2016-05-30,2016-06-01,2016-05-31
CNSHA,USA,SECOND_CLASS,2016-05-30,2016-06-01,2016-06-01
CNSHA,USA,STANDARD_CLASS,2016-05-30,2016-06-01,2016-06-03
CNSHA,USA,STANDARD_CLASS,2016-05-30,2016-06-02,2016-06-03
CNSHA,USA,STANDARD_CLASS,2016-05-30,2016-06-04,2016-06-03
CNSHA,USA,STANDARD_CLASS,2016-05-30,2016-06-04,2016-06-03
CNSHA,USA,STANDARD_CLASS,2016-05-30,2016-06-03,2016-06-03
CNSHA,USA,STANDARD_CLASS,2016-05-30,2016-06-02,2016-06-03
CNSHA,USA,STANDARD_CLASS,2016-05-30,2016-06-01,2016-06-03
CNSHA,USA,FIRST_CLASS,2016-05-30,2016-06-01,2016-05-31
CNSHA,USA,STANDARD_CLASS,2016-05-30,2016-06-03,2016-06-03
CNSHA,USA,STANDARD_CLASS,2016-05-30,2016-06-05,2016-06-03
CNSHA,USA,SAME_DAY,2016-05-30,2016-05-31,2016-05-30
CNSHA,USA,STANDARD_CLASS,2016-05-30,2016-06-02,2016-06-03
CNSHA,USA,FIRST_CLASS,2016-05-30,2016-06-01,2016-05-31
CNSHA,USA,SAME_DAY,2016-05-30,2016-05-31,2016-05-30
CNSHA,USA,STANDARD_CLASS,2016-05-30,2016-06-04,2016-06-03
CNSHA,USA,STANDARD_CLASS,2016-05-30,2016-06-02,2016-06-03
CNSHA,USA,SAME_DAY,2016-05-30,2016-05-31,2016-05-30
CNSHA,USA,STANDARD_CLASS,2016-05-30,2016-06-05,2016-06-03
CNSHA,USA,STANDARD_CLASS,2016-05-30,2016-06-04,2016-06-03
CNSHA,USA,STANDARD_CLASS,2016-05-30,2016-06-05,2016-06-03
CNSHA,USA,FIRST_CLASS,2016-05-30,2016-06-01,2016-05-31
CNSHA,USA,STANDARD_CLASS,2016-05-30,2016-06-04,2016-06-03
CNSHA,USA,STANDARD_CLASS,2016-05-30,2016-06-04,2016-06-03
CNSHA,USA,FIRST_CLASS,2016-05-31,2016-06-02,2016-06-01
CNSHA,USA,STANDARD_CLASS,2016-05-31,2016-06-05,2016-06-04
CNSHA,USA,STANDARD_CLASS,2016-05-31,2016-06-04,2016-06-04
CNSHA,USA,STANDARD_CLASS,2016-05-31,2016-06-04,2016-06-04
CNSHA,USA,STANDARD_CLASS,2016-05-31,2016-06-05,2016-06-04
CNSHA,USA,STANDARD_CLASS,2016-05-31,2016-06-04,2016-06-04
CNSHA,USA,FIRST_CLASS,2016-05-31,2016-06-02,2016-06-01
CNSHA,USA,STANDARD_CLASS,2016-05-31,2016-06-06,2016-06-04
CNSHA,USA,STANDARD_CLASS,2016-05-31,2016-06-02,2016-06-04
CNSHA,USA,STANDARD_CLASS,2016-05-31,2016-06-06,2016-06-04
CNSHA,USA,STANDARD_CLASS,2016-05-31,2016-06-02,2016-06-04
CNSHA,USA,STANDARD_CLASS,2016-05-31,2016-06-03,2016-06-04
CNSHA,USA,SECOND_CLASS,2016-05-31,2016-06-03,2016-06-02
CNSHA,USA,STANDARD_CLASS,2016-05-31,2016-06-04,2016-06-04
CNSHA,USA,STANDARD_CLASS,2016-05-31,2016-06-04,2016-06-04
CNSHA,USA,FIRST_CLASS,2016-05-31,2016-06-02,2016-06-01
CNSHA,USA,STANDARD_CLASS,2016-05-31,2016-06-02,2016-06-04
CNSHA,USA,STANDARD_CLASS,2016-05-31,2016-06-02,2016-06-04
CNSHA,USA,STANDARD_CLASS,2016-05-31,2016-06-02,2016-06-04
CNSHA,USA,FIRST_CLASS,2016-05-31,2016-06-02,2016-06-01
CNSHA,USA,FIRST_CLASS,2016-05-31,2016-06-02,2016-06-01
CNSHA,USA,SECOND_CLASS,2016-05-31,2016-06-03,2016-06-02
CNSHA,USA,STANDARD_CLASS,2016-05-31,2016-06-02,2016-06-04
CNSHA,USA,STANDARD_CLASS,2016-05-31,2016-06-02,2016-06-04
CNSHA,USA,STANDARD_CLASS,2016-05-31,2016-06-04,2016-06-04
CNSHA,USA,SECOND_CLASS,2016-05-31,2016-06-02,2016-06-02
CNSHA,USA,STANDARD_CLASS,2016-05-31,2016-06-05,2016-06-04
CNSHA,USA,STANDARD_CLASS,2016-05-31,2016-06-06,2016-06-04
CNSHA,USA,STANDARD_CLASS,2016-05-31,2016-06-06,2016-06-04
CNSHA,USA,FIRST_CLASS,2016-05-31,2016-06-02,2016-06-01
CNSHA,USA,STANDARD_CLASS,2016-05-31,2016-06-02,2016-06-04
CNSHA,USA,FIRST_CLASS,2016-05-31,2016-06-02,2016-06-01
CNSHA,USA,FIRST_CLASS,2016-05-31,2016-06-02,2016-06-01
CNSHA,USA,FIRST_CLASS,2016-05-31,2016-06-02,2016-06-01
CNSHA,USA,STANDARD_CLASS,2016-06-01,2016-06-07,2016-06-05
CNSHA,USA,STANDARD_CLASS,2016-06-01,2016-06-07,2016-06-05
CNSHA,USA,STANDARD_CLASS,2016-06-01,2016-06-05,2016-06-05
CNSHA,USA,STANDARD_CLASS,2016-06-01,2016-06-07,2016-06-05
CNSHA,USA,SAME_DAY,2016-06-01,2016-06-02,2016-06-01
CNSHA,USA,STANDARD_CLASS,2016-06-01,2016-06-06,2016-06-05
CNSHA,USA,STANDARD_CLASS,2016-06-01,2016-06-05,2016-06-05
CNSHA,USA,STANDARD_CLASS,2016-06-01,2016-06-05,2016-06-05
CNSHA,USA,STANDARD_CLASS,2016-06-01,2016-06-06,2016-06-05
CNSHA,USA,FIRST_CLASS,2016-06-01,2016-06-03,2016-06-02
CNSHA,USA,STANDARD_CLASS,2016-06-01,2016-06-07,2016-06-05
CNSHA,USA,STANDARD_CLASS,2016-06-01,2016-06-04,2016-06-05
CNSHA,USA,FIRST_CLASS,2016-06-01,2016-06-03,2016-06-02
CNSHA,USA,STANDARD_CLASS,2016-06-01,2016-06-03,2016-06-05
CNSHA,USA,STANDARD_CLASS,2016-06-01,2016-06-07,2016-06-05
CNSHA,USA,STANDARD_CLASS,2016-06-01,2016-06-06,2016-06-05
CNSHA,USA,STANDARD_CLASS,2016-06-01,2016-06-07,2016-06-05
CNSHA,USA,STANDARD_CLASS,2016-06-01,2016-06-05,2016-06-05
CNSHA,USA,STANDARD_CLASS,2016-06-01,2016-06-07,2016-06-05
CNSHA,USA,FIRST_CLASS,2016-06-01,2016-06-03,2016-06-02
CNSHA,USA,STANDARD_CLASS,2016-06-01,2016-06-04,2016-06-05
CNSHA,USA,STANDARD_CLASS,2016-06-01,2016-06-06,2016-06-05
CNSHA,USA,STANDARD_CLASS,2016-06-01,2016-06-07,2016-06-05
CNSHA,USA,FIRST_CLASS,2016-06-01,2016-06-03,2016-06-02
CNSHA,USA,STANDARD_CLASS,2016-06-01,2016-06-03,2016-06-05
CNSHA,USA,STANDARD_CLASS,2016-06-01,2016-06-05,2016-06-05
CNSHA,USA,SAME_DAY,2016-06-01,2016-06-02,2016-06-01
CNSHA,USA,FIRST_CLASS,2016-06-01,2016-06-03,2016-06-02
CNSHA,USA,SECOND_CLASS,2016-06-02,2016-06-08,2016-06-04
CNSHA,USA,SAME_DAY,2016-06-02,2016-06-03,2016-06-02
CNSHA,USA,STANDARD_CLASS,2016-06-02,2016-06-04,2016-06-06
CNSHA,USA,SECOND_CLASS,2016-06-02,2016-06-04,2016-06-04
CNSHA,USA,STANDARD_CLASS,2016-06-02,2016-06-04,2016-06-06
CNSHA,USA,FIRST_CLASS,2016-06-02,2016-06-04,2016-06-03
CNSHA,USA,STANDARD_CLASS,2016-06-02,2016-06-07,2016-06-06
CNSHA,USA,SECOND_CLASS,2016-06-02,2016-06-08,2016-06-04
CNSHA,USA,SECOND_CLASS,2016-06-02,2016-06-06,2016-06-04
CNSHA,USA,STANDARD_CLASS,2016-06-02,2016-06-08,2016-06-06
CNSHA,USA,STANDARD_CLASS,2016-06-02,2016-06-05,2016-06-06
CNSHA,USA,STANDARD_CLASS,2016-06-02,2016-06-06,2016-06-06
CNSHA,USA,STANDARD_CLASS,2016-06-02,2016-06-06,2016-06-06
CNSHA,USA,STANDARD_CLASS,2016-06-02,2016-06-08,2016-06-06
CNSHA,USA,SECOND_CLASS,2016-06-02,2016-06-08,2016-06-04
CNSHA,USA,STANDARD_CLASS,2016-06-02,2016-06-07,2016-06-06
CNSHA,USA,STANDARD_CLASS,2016-06-02,2016-06-08,2016-06-06
CNSHA,USA,STANDARD_CLASS,2016-06-02,2016-06-07,2016-06-06
CNSHA,USA,SAME_DAY,2016-06-02,2016-06-03,2016-06-02
CNSHA,USA,FIRST_CLASS,2016-06-02,2016-06-04,2016-06-03
CNSHA,USA,STANDARD_CLASS,2016-06-02,2016-06-08,2016-06-06
CNSHA,USA,STANDARD_CLASS,2016-06-02,2016-06-07,2016-06-06
CNSHA,USA,STANDARD_CLASS,2016-06-02,2016-06-08,2016-06-06
CNSHA,USA,STANDARD_CLASS,2016-06-03,2016-06-07,2016-06-07
CNSHA,USA,STANDARD_CLASS,2016-06-03,2016-06-08,2016-06-07
CNSHA,USA,SECOND_CLASS,2016-06-03,2016-06-06,2016-06-05
CNSHA,USA,STANDARD_CLASS,2016-06-03,2016-06-08,2016-06-07
CNSHA,USA,SECOND_CLASS,2016-06-03,2016-06-08,2016-06-05
CNSHA,USA,SECOND_CLASS,2016-06-03,2016-06-06,2016-06-05
CNSHA,USA,STANDARD_CLASS,2016-06-03,2016-06-05,2016-06-07
CNSHA,USA,STANDARD_CLASS,2016-06-03,2016-06-07,2016-06-07
CNSHA,USA,SECOND_CLASS,2016-06-03,2016-06-06,2016-06-05
CNSHA,USA,STANDARD_CLASS,2016-06-03,2016-06-08,2016-06-07
CNSHA,USA,STANDARD_CLASS,2016-06-03,2016-06-06,2016-06-07
CNSHA,USA,STANDARD_CLASS,2016-06-03,2016-06-07,2016-06-07
CNSHA,USA,STANDARD_CLASS,2016-06-03,2016-06-08,2016-06-07
CNSHA,USA,STANDARD_CLASS,2016-06-03,2016-06-05,2016-06-07
CNSHA,USA,FIRST_CLASS,2016-06-03,2016-06-05,2016-06-04
CNSHA,USA,STANDARD_CLASS,2016-06-03,2016-06-08,2016-06-07
CNSHA,USA,STANDARD_CLASS,2016-06-03,2016-06-08,2016-06-07
CNSHA,USA,FIRST_CLASS,2016-06-03,2016-06-05,2016-06-04
CNSHA,USA,FIRST_CLASS,2016-06-03,2016-06-05,2016-06-04
CNSHA,USA,FIRST_CLASS,2016-06-03,2016-06-05,2016-06-04
CNSHA,USA,STANDARD_CLASS,2016-06-03,2016-06-09,2016-06-07
CNSHA,USA,STANDARD_CLASS,2016-06-03,2016-06-07,2016-06-07
CNSHA,USA,SECOND_CLASS,2016-06-03,2016-06-09,2016-06-05
CNSHA,USA,STANDARD_CLASS,2016-06-04,2016-06-09,2016-06-08
CNSHA,USA,FIRST_CLASS,2016-06-04,2016-06-06,2016-06-05
CNSHA,USA,SECOND_CLASS,2016-06-04,2016-06-08,2016-06-06
CNSHA,USA,STANDARD_CLASS,2016-06-04,2016-06-09,2016-06-08
CNSHA,USA,SECOND_CLASS,2016-06-04,2016-06-07,2016-06-06
CNSHA,USA,SECOND_CLASS,2016-06-04,2016-06-07,2016-06-06
CNSHA,USA,FIRST_CLASS,2016-06-04,2016-06-06,2016-06-05
CNSHA,USA,STANDARD_CLASS,2016-06-04,2016-06-07,2016-06-08
CNSHA,USA,STANDARD_CLASS,2016-06-04,2016-06-09,2016-06-08
CNSHA,USA,STANDARD_CLASS,2016-06-04,2016-06-10,2016-06-08
CNSHA,USA,SECOND_CLASS,2016-06-04,2016-06-08,2016-06-06
CNSHA,USA,SAME_DAY,2016-06-04,2016-06-04,2016-06-04
CNSHA,USA,SECOND_CLASS,2016-06-04,2016-06-08,2016-06-06
CNSHA,USA,STANDARD_CLASS,2016-06-04,2016-06-06,2016-06-08
CNSHA,USA,SECOND_CLASS,2016-06-04,2016-06-06,2016-06-06
CNSHA,USA,SECOND_CLASS,2016-06-04,2016-06-09,2016-06-06
CNSHA,USA,STANDARD_CLASS,2016-06-04,2016-06-07,2016-06-08
CNSHA,USA,SECOND_CLASS,2016-06-04,2016-06-10,2016-06-06
CNSHA,USA,STANDARD_CLASS,2016-06-04,2016-06-08,2016-06-08
CNSHA,USA,STANDARD_CLASS,2016-06-04,2016-06-09,2016-06-08
CNSHA,USA,FIRST_CLASS,2016-06-04,2016-06-06,2016-06-05
CNSHA,USA,FIRST_CLASS,2016-06-04,2016-06-06,2016-06-05
CNSHA,USA,FIRST_CLASS,2016-06-04,2016-06-06,2016-06-05
CNSHA,USA,SECOND_CLASS,2016-06-04,2016-06-10,2016-06-06
CNSHA,USA,STANDARD_CLASS,2016-06-04,2016-06-09,2016-06-08
CNSHA,USA,SECOND_CLASS,2016-06-04,2016-06-08,2016-06-06
CNSHA,USA,SECOND_CLASS,2016-06-04,2016-06-08,2016-06-06
CNSHA,USA,STANDARD_CLASS,2016-06-04,2016-06-06,2016-06-08
CNSHA,USA,STANDARD_CLASS,2016-06-04,2016-06-07,2016-06-08
CNSHA,USA,STANDARD_CLASS,2016-06-04,2016-06-10,2016-06-08
CNSHA,USA,STANDARD_CLASS,2016-06-04,2016-06-10,2016-06-08
CNSHA,USA,STANDARD_CLASS,2016-06-04,2016-06-07,2016-06-08
CNSHA,USA,STANDARD_CLASS,2016-06-04,2016-06-09,2016-06-08
CNSHA,USA,FIRST_CLASS,2016-06-04,2016-06-06,2016-06-05
CNSHA,USA,STANDARD_CLASS,2016-06-05,2016-06-10,2016-06-09
CNSHA,USA,STANDARD_CLASS,2016-06-05,2016-06-08,2016-06-09
CNSHA,USA,STANDARD_CLASS,2016-06-05,2016-06-07,2016-06-09
CNSHA,USA,SAME_DAY,2016-06-05,2016-06-05,2016-06-05
CNSHA,USA,FIRST_CLASS,2016-06-05,2016-06-07,2016-06-06
CNSHA,USA,STANDARD_CLASS,2016-06-05,2016-06-11,2016-06-09
CNSHA,USA,STANDARD_CLASS,2016-06-05,2016-06-09,2016-06-09
CNSHA,USA,FIRST_CLASS,2016-06-05,2016-06-07,2016-06-06
CNSHA,USA,SAME_DAY,2016-06-05,2016-06-06,2016-06-05
CNSHA,USA,STANDARD_CLASS,2016-06-05,2016-06-09,2016-06-09
CNSHA,USA,SECOND_CLASS,2016-06-05,2016-06-09,2016-06-07
CNSHA,USA,STANDARD_CLASS,2016-06-05,2016-06-08,2016-06-09
CNSHA,USA,STANDARD_CLASS,2016-06-05,2016-06-08,2016-06-09
CNSHA,USA,STANDARD_CLASS,2016-06-05,2016-06-09,2016-06-09
CNSHA,USA,SAME_DAY,2016-06-05,2016-06-06,2016-06-05
CNSHA,USA,STANDARD_CLASS,2016-06-05,2016-06-08,2016-06-09
CNSHA,USA,SECOND_CLASS,2016-06-05,2016-06-07,2016-06-07
CNSHA,USA,FIRST_CLASS,2016-06-05,2016-06-07,2016-06-06
CNSHA,USA,STANDARD_CLASS,2016-06-05,2016-06-07,2016-06-09
CNSHA,USA,STANDARD_CLASS,2016-06-05,2016-06-10,2016-06-09
CNSHA,USA,FIRST_CLASS,2016-06-05,2016-06-07,2016-06-06
CNSHA,USA,STANDARD_CLASS,2016-06-05,2016-06-09,2016-06-09
CNSHA,USA,SAME_DAY,2016-06-05,2016-06-05,2016-06-05
CNSHA,USA,SECOND_CLASS,2016-06-05,2016-06-11,2016-06-07
CNSHA,USA,SECOND_CLASS,2016-06-05,2016-06-08,2016-06-07
CNSHA,USA,SECOND_CLASS,2016-06-05,2016-06-07,2016-06-07
CNSHA,USA,SECOND_CLASS,2016-06-05,2016-06-09,2016-06-07
CNSHA,USA,STANDARD_CLASS,2016-06-05,2016-06-07,2016-06-09
CNSHA,USA,SAME_DAY,2016-06-06,2016-06-06,2016-06-06
CNSHA,USA,SECOND_CLASS,2016-06-06,2016-06-11,2016-06-08
CNSHA,USA,STANDARD_CLASS,2016-06-06,2016-06-08,2016-06-10
CNSHA,USA,STANDARD_CLASS,2016-06-06,2016-06-08,2016-06-10
CNSHA,USA,SECOND_CLASS,2016-06-06,2016-06-09,2016-06-08
CNSHA,USA,STANDARD_CLASS,2016-06-06,2016-06-11,2016-06-10
CNSHA,USA,FIRST_CLASS,2016-06-06,2016-06-08,2016-06-07
CNSHA,USA,STANDARD_CLASS,2016-06-06,2016-06-09,2016-06-10
CNSHA,USA,STANDARD_CLASS,2016-06-06,2016-06-11,2016-06-10
CNSHA,USA,STANDARD_CLASS,2016-06-06,2016-06-10,2016-06-10
CNSHA,USA,FIRST_CLASS,2016-06-06,2016-06-08,2016-06-07
CNSHA,USA,SAME_DAY,2016-06-06,2016-06-07,2016-06-06
CNSHA,USA,STANDARD_CLASS,2016-06-06,2016-06-10,2016-06-10
CNSHA,USA,STANDARD_CLASS,2016-06-06,2016-06-12,2016-06-10
CNSHA,USA,STANDARD_CLASS,2016-06-06,2016-06-11,2016-06-10
CNSHA,USA,STANDARD_CLASS,2016-06-06,2016-06-11,2016-06-10
CNSHA,USA,SAME_DAY,2016-06-06,2016-06-06,2016-06-06
CNSHA,USA,FIRST_CLASS,2016-06-06,2016-06-08,2016-06-07
CNSHA,USA,STANDARD_CLASS,2016-06-06,2016-06-11,2016-06-10
CNSHA,USA,FIRST_CLASS,2016-06-06,2016-06-08,2016-06-07
CNSHA,USA,SECOND_CLASS,2016-06-06,2016-06-09,2016-06-08
CNSHA,USA,STANDARD_CLASS,2016-06-06,2016-06-08,2016-06-10
CNSHA,USA,FIRST_CLASS,2016-06-06,2016-06-08,2016-06-07
CNSHA,USA,STANDARD_CLASS,2016-06-06,2016-06-11,2016-06-10
CNSHA,USA,SECOND_CLASS,2016-06-06,2016-06-10,2016-06-08
CNSHA,USA,SECOND_CLASS,2016-06-06,2016-06-12,2016-06-08
CNSHA,USA,STANDARD_CLASS,2016-06-06,2016-06-11,2016-06-10
CNSHA,USA,STANDARD_CLASS,2016-06-07,2016-06-09,2016-06-11
CNSHA,USA,STANDARD_CLASS,2016-06-07,2016-06-09,2016-06-11
CNSHA,USA,SECOND_CLASS,2016-06-07,2016-06-13,2016-06-09
CNSHA,USA,FIRST_CLASS,2016-06-07,2016-06-09,2016-06-08
CNSHA,USA,SAME_DAY,2016-06-07,2016-06-08,2016-06-07
CNSHA,USA,SECOND_CLASS,2016-06-07,2016-06-11,2016-06-09
CNSHA,USA,STANDARD_CLASS,2016-06-07,2016-06-13,2016-06-11
CNSHA,USA,SECOND_CLASS,2016-06-07,2016-06-12,2016-06-09
CNSHA,USA,STANDARD_CLASS,2016-06-07,2016-06-10,2016-06-11
CNSHA,USA,STANDARD_CLASS,2016-06-07,2016-06-09,2016-06-11
CNSHA,USA,SAME_DAY,2016-06-07,2016-06-07,2016-06-07
CNSHA,USA,STANDARD_CLASS,2016-06-07,2016-06-11,2016-06-11
CNSHA,USA,STANDARD_CLASS,2016-06-07,2016-06-13,2016-06-11
CNSHA,USA,SECOND_CLASS,2016-06-07,2016-06-11,2016-06-09
CNSHA,USA,STANDARD_CLASS,2016-06-07,2016-06-11,2016-06-11
CNSHA,USA,SECOND_CLASS,2016-06-07,2016-06-12,2016-06-09
CNSHA,USA,SECOND_CLASS,2016-06-07,2016-06-13,2016-06-09
CNSHA,USA,FIRST_CLASS,2016-06-07,2016-06-09,2016-06-08
CNSHA,USA,STANDARD_CLASS,2016-06-07,2016-06-10,2016-06-11
CNSHA,USA,FIRST_CLASS,2016-06-07,2016-06-09,2016-06-08
CNSHA,USA,STANDARD_CLASS,2016-06-07,2016-06-11,2016-06-11
CNSHA,USA,FIRST_CLASS,2016-06-07,2016-06-09,2016-06-08
CNSHA,USA,FIRST_CLASS,2016-06-07,2016-06-09,2016-06-08
CNSHA,USA,STANDARD_CLASS,2016-06-07,2016-06-09,2016-06-11
CNSHA,USA,SECOND_CLASS,2016-06-07,2016-06-11,2016-06-09
CNSHA,USA,STANDARD_CLASS,2016-06-07,2016-06-11,2016-06-11
CNSHA,USA,STANDARD_CLASS,2016-06-08,2016-06-11,2016-06-12
CNSHA,USA,FIRST_CLASS,2016-06-08,2016-06-10,2016-06-09
CNSHA,USA,SECOND_CLASS,2016-06-08,2016-06-13,2016-06-10
CNSHA,USA,FIRST_CLASS,2016-06-08,2016-06-10,2016-06-09
CNSHA,USA,FIRST_CLASS,2016-06-08,2016-06-10,2016-06-09
CNSHA,USA,STANDARD_CLASS,2016-06-08,2016-06-12,2016-06-12
CNSHA,USA,SECOND_CLASS,2016-06-08,2016-06-11,2016-06-10
CNSHA,USA,STANDARD_CLASS,2016-06-08,2016-06-11,2016-06-12
CNSHA,USA,STANDARD_CLASS,2016-06-08,2016-06-11,2016-06-12
CNSHA,USA,STANDARD_CLASS,2016-06-08,2016-06-11,2016-06-12
CNSHA,USA,STANDARD_CLASS,2016-06-08,2016-06-13,2016-06-12
CNSHA,USA,STANDARD_CLASS,2016-06-08,2016-06-11,2016-06-12
CNSHA,USA,SAME_DAY,2016-06-08,2016-06-08,2016-06-08
CNSHA,USA,STANDARD_CLASS,2016-06-08,2016-06-11,2016-06-12
CNSHA,USA,STANDARD_CLASS,2016-06-08,2016-06-11,2016-06-12
CNSHA,USA,STANDARD_CLASS,2016-06-08,2016-06-11,2016-06-12
CNSHA,USA,STANDARD_CLASS,2016-06-08,2016-06-13,2016-06-12
CNSHA,USA,STANDARD_CLASS,2016-06-08,2016-06-13,2016-06-12
CNSHA,USA,STANDARD_CLASS,2016-06-08,2016-06-12,2016-06-12
CNSHA,USA,SECOND_CLASS,2016-06-08,2016-06-11,2016-06-10
CNSHA,USA,STANDARD_CLASS,2016-06-08,2016-06-12,2016-06-12
CNSHA,USA,FIRST_CLASS,2016-06-08,2016-06-10,2016-06-09
CNSHA,USA,SAME_DAY,2016-06-08,2016-06-08,2016-06-08
CNSHA,USA,STANDARD_CLASS,2016-06-08,2016-06-14,2016-06-12
CNSHA,USA,STANDARD_CLASS,2016-06-08,2016-06-12,2016-06-12
CNSHA,USA,SAME_DAY,2016-06-08,2016-06-09,2016-06-08
CNSHA,USA,SAME_DAY,2016-06-08,2016-06-09,2016-06-08
CNSHA,USA,FIRST_CLASS,2016-06-08,2016-06-10,2016-06-09
CNSHA,USA,SAME_DAY,2016-06-08,2016-06-09,2016-06-08
CNSHA,USA,STANDARD_CLASS,2016-06-08,2016-06-11,2016-06-12
CNSHA,USA,SECOND_CLASS,2016-06-08,2016-06-10,2016-06-10
CNSHA,USA,SECOND_CLASS,2016-06-09,2016-06-11,2016-06-11
CNSHA,USA,STANDARD_CLASS,2016-06-09,2016-06-14,2016-06-13
CNSHA,USA,STANDARD_CLASS,2016-06-09,2016-06-14,2016-06-13
CNSHA,USA,FIRST_CLASS,2016-06-09,2016-06-11,2016-06-10
CNSHA,USA,FIRST_CLASS,2016-06-09,2016-06-11,2016-06-10
CNSHA,USA,SECOND_CLASS,2016-06-09,2016-06-11,2016-06-11
CNSHA,USA,SAME_DAY,2016-06-09,2016-06-10,2016-06-09
CNSHA,USA,STANDARD_CLASS,2016-06-09,2016-06-14,2016-06-13
CNSHA,USA,STANDARD_CLASS,2016-06-09,2016-06-14,2016-06-13
CNSHA,USA,STANDARD_CLASS,2016-06-09,2016-06-12,2016-06-13
CNSHA,USA,FIRST_CLASS,2016-06-09,2016-06-11,2016-06-10
CNSHA,USA,STANDARD_CLASS,2016-06-09,2016-06-12,2016-06-13
CNSHA,USA,FIRST_CLASS,2016-06-09,2016-06-11,2016-06-10
CNSHA,USA,SAME_DAY,2016-06-09,2016-06-10,2016-06-09
CNSHA,USA,STANDARD_CLASS,2016-06-09,2016-06-12,2016-06-13
CNSHA,USA,STANDARD_CLASS,2016-06-09,2016-06-13,2016-06-13
CNSHA,USA,STANDARD_CLASS,2016-06-10,2016-06-13,2016-06-14
CNSHA,USA,STANDARD_CLASS,2016-06-10,2016-06-15,2016-06-14
CNSHA,USA,STANDARD_CLASS,2016-06-10,2016-06-14,2016-06-14
CNSHA,USA,STANDARD_CLASS,2016-06-10,2016-06-12,2016-06-14
CNSHA,USA,STANDARD_CLASS,2016-06-10,2016-06-16,2016-06-14
CNSHA,USA,STANDARD_CLASS,2016-06-10,2016-06-13,2016-06-14
CNSHA,USA,STANDARD_CLASS,2016-06-10,2016-06-14,2016-06-14
CNSHA,USA,SECOND_CLASS,2016-06-10,2016-06-15,2016-06-12
CNSHA,USA,STANDARD_CLASS,2016-06-10,2016-06-13,2016-06-14
CNSHA,USA,STANDARD_CLASS,2016-06-10,2016-06-14,2016-06-14
CNSHA,USA,FIRST_CLASS,2016-06-10,2016-06-12,2016-06-11
CNSHA,USA,FIRST_CLASS,2016-06-10,2016-06-12,2016-06-11
CNSHA,USA,STANDARD_CLASS,2016-06-10,2016-06-16,2016-06-14
CNSHA,USA,STANDARD_CLASS,2016-06-10,2016-06-16,2016-06-14
CNSHA,USA,STANDARD_CLASS,2016-06-10,2016-06-15,2016-06-14
CNSHA,USA,SECOND_CLASS,2016-06-10,2016-06-13,2016-06-12
CNSHA,USA,STANDARD_CLASS,2016-06-10,2016-06-14,2016-06-14
CNSHA,USA,STANDARD_CLASS,2016-06-10,2016-06-14,2016-06-14
CNSHA,USA,STANDARD_CLASS,2016-06-10,2016-06-16,2016-06-14
CNSHA,USA,FIRST_CLASS,2016-06-10,2016-06-12,2016-06-11
CNSHA,USA,STANDARD_CLASS,2016-06-10,2016-06-14,2016-06-14
CNSHA,USA,STANDARD_CLASS,2016-06-10,2016-06-16,2016-06-14
CNSHA,USA,STANDARD_CLASS,2016-06-10,2016-06-12,2016-06-14
CNSHA,USA,STANDARD_CLASS,2016-06-10,2016-06-15,2016-06-14
CNSHA,USA,STANDARD_CLASS,2016-06-10,2016-06-13,2016-06-14
CNSHA,USA,STANDARD_CLASS,2016-06-10,2016-06-12,2016-06-14
CNSHA,USA,STANDARD_CLASS,2016-06-10,2016-06-12,2016-06-14
CNSHA,USA,STANDARD_CLASS,2016-06-10,2016-06-15,2016-06-14
CNSHA,USA,SECOND_CLASS,2016-06-10,2016-06-16,2016-06-12
CNSHA,USA,STANDARD_CLASS,2016-06-10,2016-06-16,2016-06-14
CNSHA,USA,STANDARD_CLASS,2016-06-10,2016-06-12,2016-06-14
CNSHA,USA,FIRST_CLASS,2016-06-10,2016-06-12,2016-06-11
CNSHA,USA,STANDARD_CLASS,2016-06-10,2016-06-12,2016-06-14
CNSHA,USA,SECOND_CLASS,2016-06-10,2016-06-12,2016-06-12
CNSHA,USA,FIRST_CLASS,2016-06-11,2016-06-13,2016-06-12
CNSHA,USA,FIRST_CLASS,2016-06-11,2016-06-13,2016-06-12
CNSHA,USA,SECOND_CLASS,2016-06-11,2016-06-16,2016-06-13
CNSHA,USA,SECOND_CLASS,2016-06-11,2016-06-16,2016-06-13
CNSHA,USA,STANDARD_CLASS,2016-06-11,2016-06-17,2016-06-15
CNSHA,USA,SECOND_CLASS,2016-06-11,2016-06-14,2016-06-13
CNSHA,USA,STANDARD_CLASS,2016-06-11,2016-06-17,2016-06-15
CNSHA,USA,STANDARD_CLASS,2016-06-11,2016-06-13,2016-06-15
CNSHA,USA,STANDARD_CLASS,2016-06-11,2016-06-15,2016-06-15
CNSHA,USA,FIRST_CLASS,2016-06-11,2016-06-13,2016-06-12
CNSHA,USA,STANDARD_CLASS,2016-06-11,2016-06-13,2016-06-15
CNSHA,USA,STANDARD_CLASS,2016-06-11,2016-06-16,2016-06-15
CNSHA,USA,STANDARD_CLASS,2016-06-11,2016-06-16,2016-06-15
CNSHA,USA,STANDARD_CLASS,2016-06-11,2016-06-15,2016-06-15
CNSHA,USA,SECOND_CLASS,2016-06-11,2016-06-16,2016-06-13
CNSHA,USA,STANDARD_CLASS,2016-06-11,2016-06-16,2016-06-15
CNSHA,USA,STANDARD_CLASS,2016-06-11,2016-06-13,2016-06-15
CNSHA,USA,SECOND_CLASS,2016-06-11,2016-06-16,2016-06-13
CNSHA,USA,FIRST_CLASS,2016-06-11,2016-06-13,2016-06-12
CNSHA,USA,SECOND_CLASS,2016-06-11,2016-06-15,2016-06-13
CNSHA,USA,STANDARD_CLASS,2016-06-11,2016-06-17,2016-06-15
CNSHA,USA,STANDARD_CLASS,2016-06-11,2016-06-15,2016-06-15
CNSHA,USA,FIRST_CLASS,2016-06-11,2016-06-13,2016-06-12
CNSHA,USA,SECOND_CLASS,2016-06-11,2016-06-16,2016-06-13
CNSHA,USA,SECOND_CLASS,2016-06-11,2016-06-16,2016-06-13
CNSHA,USA,STANDARD_CLASS,2016-06-11,2016-06-13,2016-06-15
CNSHA,USA,STANDARD_CLASS,2016-06-11,2016-06-13,2016-06-15
CNSHA,USA,STANDARD_CLASS,2016-06-12,2016-06-17,2016-06-16
CNSHA,USA,FIRST_CLASS,2016-06-12,2016-06-14,2016-06-13
CNSHA,USA,FIRST_CLASS,2016-06-12,2016-06-14,2016-06-13
CNSHA,USA,STANDARD_CLASS,2016-06-12,2016-06-17,2016-06-16
CNSHA,USA,STANDARD_CLASS,2016-06-12,2016-06-17,2016-06-16
CNSHA,USA,STANDARD_CLASS,2016-06-12,2016-06-18,2016-06-16
CNSHA,USA,STANDARD_CLASS,2016-06-12,2016-06-15,2016-06-16
CNSHA,USA,FIRST_CLASS,2016-06-12,2016-06-14,2016-06-13
CNSHA,USA,SECOND_CLASS,2016-06-12,2016-06-14,2016-06-14
CNSHA,USA,STANDARD_CLASS,2016-06-12,2016-06-15,2016-06-16
CNSHA,USA,SECOND_CLASS,2016-06-12,2016-06-15,2016-06-14
CNSHA,USA,SECOND_CLASS,2016-06-12,2016-06-15,2016-06-14
CNSHA,USA,STANDARD_CLASS,2016-06-12,2016-06-15,2016-06-16
CNSHA,USA,FIRST_CLASS,2016-06-12,2016-06-14,2016-06-13
CNSHA,USA,STANDARD_CLASS,2016-06-12,2016-06-18,2016-06-16
CNSHA,USA,STANDARD_CLASS,2016-06-12,2016-06-17,2016-06-16
CNSHA,USA,STANDARD_CLASS,2016-06-12,2016-06-17,2016-06-16
CNSHA,USA,FIRST_CLASS,2016-06-12,2016-06-14,2016-06-13
CNSHA,USA,STANDARD_CLASS,2016-06-12,2016-06-15,2016-06-16
CNSHA,USA,SECOND_CLASS,2016-06-12,2016-06-15,2016-06-14
CNSHA,USA,STANDARD_CLASS,2016-06-12,2016-06-17,2016-06-16
CNSHA,USA,SAME_DAY,2016-06-12,2016-06-12,2016-06-12
CNSHA,USA,STANDARD_CLASS,2016-06-13,2016-06-17,2016-06-17
CNSHA,USA,SECOND_CLASS,2016-06-13,2016-06-18,2016-06-15
CNSHA,USA,SECOND_CLASS,2016-06-13,2016-06-19,2016-06-15
CNSHA,USA,SECOND_CLASS,2016-06-13,2016-06-17,2016-06-15
CNSHA,USA,FIRST_CLASS,2016-06-13,2016-06-15,2016-06-14
CNSHA,USA,STANDARD_CLASS,2016-06-13,2016-06-17,2016-06-17
CNSHA,USA,STANDARD_CLASS,2016-06-13,2016-06-19,2016-06-17
CNSHA,USA,STANDARD_CLASS,2016-06-13,2016-06-15,2016-06-17
CNSHA,USA,FIRST_CLASS,2016-06-13,2016-06-15,2016-06-14
CNSHA,USA,STANDARD_CLASS,2016-06-13,2016-06-15,2016-06-17
CNSHA,USA,STANDARD_CLASS,2016-06-13,2016-06-16,2016-06-17
CNSHA,USA,STANDARD_CLASS,2016-06-13,2016-06-15,2016-06-17
CNSHA,USA,SECOND_CLASS,2016-06-13,2016-06-15,2016-06-15
CNSHA,USA,SECOND_CLASS,2016-06-13,2016-06-17,2016-06-15
CNSHA,USA,STANDARD_CLASS,2016-06-13,2016-06-15,2016-06-17
CNSHA,USA,SECOND_CLASS,2016-06-13,2016-06-15,2016-06-15
CNSHA,USA,STANDARD_CLASS,2016-06-13,2016-06-16,2016-06-17
CNSHA,USA,SECOND_CLASS,2016-06-13,2016-06-16,2016-06-15
CNSHA,USA,STANDARD_CLASS,2016-06-13,2016-06-19,2016-06-17
CNSHA,USA,STANDARD_CLASS,2016-06-13,2016-06-16,2016-06-17
CNSHA,USA,STANDARD_CLASS,2016-06-13,2016-06-18,2016-06-17
CNSHA,USA,SECOND_CLASS,2016-06-13,2016-06-16,2016-06-15
CNSHA,USA,STANDARD_CLASS,2016-06-13,2016-06-16,2016-06-17
CNSHA,USA,STANDARD_CLASS,2016-06-13,2016-06-19,2016-06-17
CNSHA,USA,STANDARD_CLASS,2016-06-14,2016-06-17,2016-06-18
CNSHA,USA,SECOND_CLASS,2016-06-14,2016-06-20,2016-06-16
CNSHA,USA,STANDARD_CLASS,2016-06-14,2016-06-17,2016-06-18
CNSHA,USA,STANDARD_CLASS,2016-06-14,2016-06-18,2016-06-18
CNSHA,USA,STANDARD_CLASS,2016-06-14,2016-06-20,2016-06-18
CNSHA,USA,SECOND_CLASS,2016-06-14,2016-06-18,2016-06-16
CNSHA,USA,STANDARD_CLASS,2016-06-14,2016-06-20,2016-06-18
CNSHA,USA,STANDARD_CLASS,2016-06-14,2016-06-18,2016-06-18
CNSHA,USA,STANDARD_CLASS,2016-06-14,2016-06-17,2016-06-18
CNSHA,USA,STANDARD_CLASS,2016-06-14,2016-06-18,2016-06-18
CNSHA,USA,STANDARD_CLASS,2016-06-14,2016-06-18,2016-06-18
CNSHA,USA,STANDARD_CLASS,2016-06-14,2016-06-18,2016-06-18
CNSHA,USA,STANDARD_CLASS,2016-06-14,2016-06-18,2016-06-18
CNSHA,USA,STANDARD_CLASS,2016-06-14,2016-06-17,2016-06-18
CNSHA,USA,FIRST_CLASS,2016-06-14,2016-06-16,2016-06-15
CNSHA,USA,SECOND_CLASS,2016-06-14,2016-06-19,2016-06-16
CNSHA,USA,STANDARD_CLASS,2016-06-14,2016-06-17,2016-06-18
CNSHA,USA,STANDARD_CLASS,2016-06-14,2016-06-16,2016-06-18
CNSHA,USA,STANDARD_CLASS,2016-06-14,2016-06-19,2016-06-18
CNSHA,USA,STANDARD_CLASS,2016-06-14,2016-06-16,2016-06-18
CNSHA,USA,STANDARD_CLASS,2016-06-14,2016-06-17,2016-06-18
CNSHA,USA,FIRST_CLASS,2016-06-14,2016-06-16,2016-06-15
CNSHA,USA,STANDARD_CLASS,2016-06-14,2016-06-18,2016-06-18
CNSHA,USA,STANDARD_CLASS,2016-06-14,2016-06-18,2016-06-18
CNSHA,USA,FIRST_CLASS,2016-06-14,2016-06-16,2016-06-15
CNSHA,USA,SECOND_CLASS,2016-06-14,2016-06-17,2016-06-16
CNSHA,USA,STANDARD_CLASS,2016-06-14,2016-06-19,2016-06-18
CNSHA,USA,STANDARD_CLASS,2016-06-14,2016-06-19,2016-06-18
CNSHA,USA,STANDARD_CLASS,2016-06-15,2016-06-18,2016-06-19
CNSHA,USA,STANDARD_CLASS,2016-06-15,2016-06-21,2016-06-19
CNSHA,USA,SECOND_CLASS,2016-06-15,2016-06-17,2016-06-17
CNSHA,USA,SECOND_CLASS,2016-06-15,2016-06-17,2016-06-17
CNSHA,USA,STANDARD_CLASS,2016-06-15,2016-06-20,2016-06-19
CNSHA,USA,STANDARD_CLASS,2016-06-15,2016-06-18,2016-06-19
CNSHA,USA,STANDARD_CLASS,2016-06-15,2016-06-20,2016-06-19
CNSHA,USA,STANDARD_CLASS,2016-06-15,2016-06-21,2016-06-19
CNSHA,USA,STANDARD_CLASS,2016-06-15,2016-06-21,2016-06-19
CNSHA,USA,SECOND_CLASS,2016-06-15,2016-06-21,2016-06-17
CNSHA,USA,STANDARD_CLASS,2016-06-15,2016-06-18,2016-06-19
CNSHA,USA,STANDARD_CLASS,2016-06-15,2016-06-21,2016-06-19
CNSHA,USA,STANDARD_CLASS,2016-06-15,2016-06-17,2016-06-19
CNSHA,USA,STANDARD_CLASS,2016-06-15,2016-06-19,2016-06-19
CNSHA,USA,STANDARD_CLASS,2016-06-15,2016-06-18,2016-06-19
CNSHA,USA,STANDARD_CLASS,2016-06-15,2016-06-17,2016-06-19
CNSHA,USA,STANDARD_CLASS,2016-06-15,2016-06-18,2016-06-19
CNSHA,USA,STANDARD_CLASS,2016-06-15,2016-06-18,2016-06-19
CNSHA,USA,SECOND_CLASS,2016-06-15,2016-06-21,2016-06-17
CNSHA,USA,SECOND_CLASS,2016-06-15,2016-06-20,2016-06-17
CNSHA,USA,STANDARD_CLASS,2016-06-15,2016-06-17,2016-06-19
CNSHA,USA,SAME_DAY,2016-06-15,2016-06-15,2016-06-15
CNSHA,USA,SECOND_CLASS,2016-06-15,2016-06-21,2016-06-17
CNSHA,USA,STANDARD_CLASS,2016-06-15,2016-06-18,2016-06-19
CNSHA,USA,SECOND_CLASS,2016-06-15,2016-06-19,2016-06-17
CNSHA,USA,SECOND_CLASS,2016-06-15,2016-06-20,2016-06-17
CNSHA,USA,STANDARD_CLASS,2016-06-15,2016-06-19,2016-06-19
CNSHA,USA,STANDARD_CLASS,2016-06-15,2016-06-18,2016-06-19
CNSHA,USA,SAME_DAY,2016-06-15,2016-06-16,2016-06-15
CNSHA,USA,STANDARD_CLASS,2016-06-15,2016-06-18,2016-06-19
CNSHA,USA,SAME_DAY,2016-06-15,2016-06-15,2016-06-15
CNSHA,USA,STANDARD_CLASS,2016-06-16,2016-06-19,2016-06-20
CNSHA,USA,STANDARD_CLASS,2016-06-16,2016-06-22,2016-06-20
CNSHA,USA,FIRST_CLASS,2016-06-16,2016-06-18,2016-06-17
CNSHA,USA,SECOND_CLASS,2016-06-16,2016-06-19,2016-06-18
CNSHA,USA,SAME_DAY,2016-06-16,2016-06-17,2016-06-16
CNSHA,USA,STANDARD_CLASS,2016-06-16,2016-06-18,2016-06-20
CNSHA,USA,STANDARD_CLASS,2016-06-16,2016-06-19,2016-06-20
CNSHA,USA,STANDARD_CLASS,2016-06-16,2016-06-21,2016-06-20
CNSHA,USA,STANDARD_CLASS,2016-06-16,2016-06-21,2016-06-20
CNSHA,USA,STANDARD_CLASS,2016-06-16,2016-06-20,2016-06-20
CNSHA,USA,SAME_DAY,2016-06-16,2016-06-17,2016-06-16
CNSHA,USA,STANDARD_CLASS,2016-06-16,2016-06-20,2016-06-20
CNSHA,USA,SAME_DAY,2016-06-16,2016-06-17,2016-06-16
CNSHA,USA,FIRST_CLASS,2016-06-16,2016-06-18,2016-06-17
CNSHA,USA,STANDARD_CLASS,2016-06-16,2016-06-20,2016-06-20
CNSHA,USA,STANDARD_CLASS,2016-06-16,2016-06-22,2016-06-20
CNSHA,USA,FIRST_CLASS,2016-06-16,2016-06-18,2016-06-17
CNSHA,USA,STANDARD_CLASS,2016-06-16,2016-06-21,2016-06-20
CNSHA,USA,STANDARD_CLASS,2016-06-16,2016-06-22,2016-06-20
CNSHA,USA,STANDARD_CLASS,2016-06-16,2016-06-19,2016-06-20
CNSHA,USA,SAME_DAY,2016-06-16,2016-06-16,2016-06-16
CNSHA,USA,SECOND_CLASS,2016-06-16,2016-06-20,2016-06-18
CNSHA,USA,STANDARD_CLASS,2016-06-16,2016-06-20,2016-06-20
CNSHA,USA,SECOND_CLASS,2016-06-16,2016-06-18,2016-06-18
CNSHA,USA,SECOND_CLASS,2016-06-16,2016-06-18,2016-06-18
CNSHA,USA,STANDARD_CLASS,2016-06-16,2016-06-18,2016-06-20
CNSHA,USA,STANDARD_CLASS,2016-06-16,2016-06-19,2016-06-20
CNSHA,USA,STANDARD_CLASS,2016-06-16,2016-06-21,2016-06-20
CNSHA,USA,STANDARD_CLASS,2016-06-16,2016-06-22,2016-06-20
CNSHA,USA,STANDARD_CLASS,2016-06-17,2016-06-22,2016-06-21
CNSHA,USA,SECOND_CLASS,2016-06-17,2016-06-22,2016-06-19
CNSHA,USA,STANDARD_CLASS,2016-06-17,2016-06-22,2016-06-21
CNSHA,USA,SAME_DAY,2016-06-17,2016-06-18,2016-06-17
CNSHA,USA,STANDARD_CLASS,2016-06-17,2016-06-21,2016-06-21
CNSHA,USA,FIRST_CLASS,2016-06-17,2016-06-19,2016-06-18
CNSHA,USA,SECOND_CLASS,2016-06-17,2016-06-22,2016-06-19
CNSHA,USA,STANDARD_CLASS,2016-06-17,2016-06-21,2016-06-21
CNSHA,USA,SAME_DAY,2016-06-17,2016-06-18,2016-06-17
CNSHA,USA,FIRST_CLASS,2016-06-17,2016-06-19,2016-06-18
CNSHA,USA,SECOND_CLASS,2016-06-17,2016-06-23,2016-06-19
CNSHA,USA,FIRST_CLASS,2016-06-17,2016-06-19,2016-06-18
CNSHA,USA,STANDARD_CLASS,2016-06-17,2016-06-20,2016-06-21
CNSHA,USA,STANDARD_CLASS,2016-06-17,2016-06-23,2016-06-21
CNSHA,USA,STANDARD_CLASS,2016-06-17,2016-06-23,2016-06-21
CNSHA,USA,FIRST_CLASS,2016-06-17,2016-06-19,2016-06-18
CNSHA,USA,STANDARD_CLASS,2016-06-17,2016-06-19,2016-06-21
CNSHA,USA,STANDARD_CLASS,2016-06-17,2016-06-21,2016-06-21
CNSHA,USA,STANDARD_CLASS,2016-06-17,2016-06-21,2016-06-21
CNSHA,USA,FIRST_CLASS,2016-06-18,2016-06-20,2016-06-19
CNSHA,USA,STANDARD_CLASS,2016-06-18,2016-06-22,2016-06-22
CNSHA,USA,STANDARD_CLASS,2016-06-18,2016-06-23,2016-06-22
CNSHA,USA,SECOND_CLASS,2016-06-18,2016-06-21,2016-06-20
CNSHA,USA,STANDARD_CLASS,2016-06-18,2016-06-21,2016-06-22
CNSHA,USA,SECOND_CLASS,2016-06-18,2016-06-23,2016-06-20
CNSHA,USA,SECOND_CLASS,2016-06-18,2016-06-20,2016-06-20
CNSHA,USA,SECOND_CLASS,2016-06-18,2016-06-22,2016-06-20
CNSHA,USA,SECOND_CLASS,2016-06-18,2016-06-22,2016-06-20
CNSHA,USA,STANDARD_CLASS,2016-06-18,2016-06-24,2016-06-22
CNSHA,USA,STANDARD_CLASS,2016-06-18,2016-06-20,2016-06-22
CNSHA,USA,STANDARD_CLASS,2016-06-18,2016-06-24,2016-06-22
CNSHA,USA,STANDARD_CLASS,2016-06-18,2016-06-23,2016-06-22
CNSHA,USA,SECOND_CLASS,2016-06-18,2016-06-20,2016-06-20
CNSHA,USA,SECOND_CLASS,2016-06-18,2016-06-20,2016-06-20
CNSHA,USA,STANDARD_CLASS,2016-06-18,2016-06-23,2016-06-22
CNSHA,USA,SECOND_CLASS,2016-06-18,2016-06-23,2016-06-20
CNSHA,USA,STANDARD_CLASS,2016-06-18,2016-06-21,2016-06-22
CNSHA,USA,SECOND_CLASS,2016-06-18,2016-06-22,2016-06-20
CNSHA,USA,STANDARD_CLASS,2016-06-18,2016-06-24,2016-06-22
CNSHA,USA,SECOND_CLASS,2016-06-18,2016-06-22,2016-06-20
CNSHA,USA,SECOND_CLASS,2016-06-18,2016-06-21,2016-06-20
CNSHA,USA,STANDARD_CLASS,2016-06-18,2016-06-21,2016-06-22
CNSHA,USA,STANDARD_CLASS,2016-06-18,2016-06-21,2016-06-22
CNSHA,USA,STANDARD_CLASS,2016-06-18,2016-06-23,2016-06-22
CNSHA,USA,STANDARD_CLASS,2016-06-19,2016-06-25,2016-06-23
CNSHA,USA,STANDARD_CLASS,2016-06-19,2016-06-22,2016-06-23
CNSHA,USA,STANDARD_CLASS,2016-06-19,2016-06-23,2016-06-23
CNSHA,USA,STANDARD_CLASS,2016-06-19,2016-06-23,2016-06-23
CNSHA,USA,STANDARD_CLASS,2016-06-19,2016-06-22,2016-06-23
CNSHA,USA,SECOND_CLASS,2016-06-19,2016-06-24,2016-06-21
CNSHA,USA,SECOND_CLASS,2016-06-19,2016-06-23,2016-06-21
CNSHA,USA,STANDARD_CLASS,2016-06-19,2016-06-21,2016-06-23
CNSHA,USA,STANDARD_CLASS,2016-06-19,2016-06-25,2016-06-23
CNSHA,USA,STANDARD_CLASS,2016-06-19,2016-06-24,2016-06-23
CNSHA,USA,STANDARD_CLASS,2016-06-19,2016-06-25,2016-06-23
CNSHA,USA,STANDARD_CLASS,2016-06-19,2016-06-24,2016-06-23
CNSHA,USA,SECOND_CLASS,2016-06-19,2016-06-22,2016-06-21
CNSHA,USA,STANDARD_CLASS,2016-06-19,2016-06-24,2016-06-23
CNSHA,USA,STANDARD_CLASS,2016-06-19,2016-06-24,2016-06-23
CNSHA,USA,STANDARD_CLASS,2016-06-19,2016-06-23,2016-06-23
CNSHA,USA,STANDARD_CLASS,2016-06-20,2016-06-24,2016-06-24
CNSHA,USA,STANDARD_CLASS,2016-06-20,2016-06-24,2016-06-24
CNSHA,USA,STANDARD_CLASS,2016-06-20,2016-06-26,2016-06-24
CNSHA,USA,STANDARD_CLASS,2016-06-20,2016-06-22,2016-06-24
CNSHA,USA,STANDARD_CLASS,2016-06-20,2016-06-23,2016-06-24
CNSHA,USA,SECOND_CLASS,2016-06-20,2016-06-23,2016-06-22
CNSHA,USA,STANDARD_CLASS,2016-06-20,2016-06-23,2016-06-24
CNSHA,USA,STANDARD_CLASS,2016-06-20,2016-06-23,2016-06-24
CNSHA,USA,SECOND_CLASS,2016-06-20,2016-06-24,2016-06-22
CNSHA,USA,STANDARD_CLASS,2016-06-20,2016-06-24,2016-06-24
CNSHA,USA,STANDARD_CLASS,2016-06-20,2016-06-22,2016-06-24
CNSHA,USA,STANDARD_CLASS,2016-06-20,2016-06-23,2016-06-24
CNSHA,USA,STANDARD_CLASS,2016-06-20,2016-06-25,2016-06-24
CNSHA,USA,STANDARD_CLASS,2016-06-20,2016-06-22,2016-06-24
CNSHA,USA,STANDARD_CLASS,2016-06-20,2016-06-24,2016-06-24
CNSHA,USA,STANDARD_CLASS,2016-06-20,2016-06-24,2016-06-24
CNSHA,USA,STANDARD_CLASS,2016-06-21,2016-06-25,2016-06-25
CNSHA,USA,SAME_DAY,2016-06-21,2016-06-21,2016-06-21
CNSHA,USA,SAME_DAY,2016-06-21,2016-06-21,2016-06-21
CNSHA,USA,STANDARD_CLASS,2016-06-21,2016-06-23,2016-06-25
CNSHA,USA,SECOND_CLASS,2016-06-21,2016-06-23,2016-06-23
CNSHA,USA,FIRST_CLASS,2016-06-21,2016-06-23,2016-06-22
CNSHA,USA,FIRST_CLASS,2016-06-21,2016-06-23,2016-06-22
CNSHA,USA,STANDARD_CLASS,2016-06-21,2016-06-23,2016-06-25
CNSHA,USA,SAME_DAY,2016-06-21,2016-06-21,2016-06-21
CNSHA,USA,SECOND_CLASS,2016-06-21,2016-06-27,2016-06-23
CNSHA,USA,FIRST_CLASS,2016-06-21,2016-06-23,2016-06-22
CNSHA,USA,STANDARD_CLASS,2016-06-21,2016-06-24,2016-06-25
CNSHA,USA,STANDARD_CLASS,2016-06-21,2016-06-24,2016-06-25
CNSHA,USA,SAME_DAY,2016-06-21,2016-06-21,2016-06-21
CNSHA,USA,STANDARD_CLASS,2016-06-21,2016-06-23,2016-06-25
CNSHA,USA,STANDARD_CLASS,2016-06-21,2016-06-24,2016-06-25
CNSHA,USA,FIRST_CLASS,2016-06-21,2016-06-23,2016-06-22
CNSHA,USA,SAME_DAY,2016-06-21,2016-06-21,2016-06-21
CNSHA,USA,SAME_DAY,2016-06-21,2016-06-21,2016-06-21
CNSHA,USA,SAME_DAY,2016-06-21,2016-06-21,2016-06-21
CNSHA,USA,FIRST_CLASS,2016-06-21,2016-06-23,2016-06-22
CNSHA,USA,SAME_DAY,2016-06-21,2016-06-21,2016-06-21
CNSHA,USA,STANDARD_CLASS,2016-06-21,2016-06-23,2016-06-25
CNSHA,USA,FIRST_CLASS,2016-06-21,2016-06-23,2016-06-22
CNSHA,USA,STANDARD_CLASS,2016-06-21,2016-06-23,2016-06-25
CNSHA,USA,STANDARD_CLASS,2016-06-21,2016-06-25,2016-06-25
CNSHA,USA,STANDARD_CLASS,2016-06-21,2016-06-27,2016-06-25
CNSHA,USA,STANDARD_CLASS,2016-06-21,2016-06-25,2016-06-25
CNSHA,USA,SAME_DAY,2016-06-21,2016-06-21,2016-06-21
CNSHA,USA,SECOND_CLASS,2016-06-21,2016-06-26,2016-06-23
CNSHA,USA,STANDARD_CLASS,2016-06-22,2016-06-24,2016-06-26
CNSHA,USA,FIRST_CLASS,2016-06-22,2016-06-24,2016-06-23
CNSHA,USA,STANDARD_CLASS,2016-06-22,2016-06-26,2016-06-26
CNSHA,USA,STANDARD_CLASS,2016-06-22,2016-06-28,2016-06-26
CNSHA,USA,SECOND_CLASS,2016-06-22,2016-06-25,2016-06-24
CNSHA,USA,STANDARD_CLASS,2016-06-22,2016-06-28,2016-06-26
CNSHA,USA,STANDARD_CLASS,2016-06-22,2016-06-27,2016-06-26
CNSHA,USA,SECOND_CLASS,2016-06-22,2016-06-24,2016-06-24
CNSHA,USA,FIRST_CLASS,2016-06-22,2016-06-24,2016-06-23
CNSHA,USA,FIRST_CLASS,2016-06-22,2016-06-24,2016-06-23
CNSHA,USA,STANDARD_CLASS,2016-06-22,2016-06-25,2016-06-26
CNSHA,USA,STANDARD_CLASS,2016-06-22,2016-06-27,2016-06-26
CNSHA,USA,STANDARD_CLASS,2016-06-22,2016-06-24,2016-06-26
CNSHA,USA,STANDARD_CLASS,2016-06-22,2016-06-24,2016-06-26
CNSHA,USA,STANDARD_CLASS,2016-06-22,2016-06-28,2016-06-26
CNSHA,USA,STANDARD_CLASS,2016-06-22,2016-06-24,2016-06-26
CNSHA,USA,STANDARD_CLASS,2016-06-22,2016-06-27,2016-06-26
CNSHA,USA,STANDARD_CLASS,2016-06-22,2016-06-24,2016-06-26
CNSHA,USA,FIRST_CLASS,2016-06-22,2016-06-24,2016-06-23
CNSHA,USA,STANDARD_CLASS,2016-06-22,2016-06-27,2016-06-26
CNSHA,USA,STANDARD_CLASS,2016-06-22,2016-06-24,2016-06-26
CNSHA,USA,STANDARD_CLASS,2016-06-22,2016-06-26,2016-06-26
CNSHA,USA,STANDARD_CLASS,2016-06-22,2016-06-24,2016-06-26
CNSHA,USA,STANDARD_CLASS,2016-06-22,2016-06-26,2016-06-26
CNSHA,USA,STANDARD_CLASS,2016-06-22,2016-06-26,2016-06-26
CNSHA,USA,STANDARD_CLASS,2016-06-22,2016-06-27,2016-06-26
CNSHA,USA,STANDARD_CLASS,2016-06-22,2016-06-26,2016-06-26
CNSHA,USA,STANDARD_CLASS,2016-06-22,2016-06-28,2016-06-26
CNSHA,USA,FIRST_CLASS,2016-06-22,2016-06-24,2016-06-23
CNSHA,USA,STANDARD_CLASS,2016-06-22,2016-06-24,2016-06-26
CNSHA,USA,SECOND_CLASS,2016-06-23,2016-06-28,2016-06-25
CNSHA,USA,SECOND_CLASS,2016-06-23,2016-06-27,2016-06-25
CNSHA,USA,STANDARD_CLASS,2016-06-23,2016-06-26,2016-06-27
CNSHA,USA,STANDARD_CLASS,2016-06-23,2016-06-27,2016-06-27
CNSHA,USA,FIRST_CLASS,2016-06-23,2016-06-25,2016-06-24
CNSHA,USA,SECOND_CLASS,2016-06-23,2016-06-28,2016-06-25
CNSHA,USA,STANDARD_CLASS,2016-06-23,2016-06-27,2016-06-27
CNSHA,USA,SECOND_CLASS,2016-06-23,2016-06-25,2016-06-25
CNSHA,USA,STANDARD_CLASS,2016-06-23,2016-06-26,2016-06-27
CNSHA,USA,SECOND_CLASS,2016-06-23,2016-06-27,2016-06-25
CNSHA,USA,STANDARD_CLASS,2016-06-23,2016-06-27,2016-06-27
CNSHA,USA,SAME_DAY,2016-06-23,2016-06-24,2016-06-23
CNSHA,USA,STANDARD_CLASS,2016-06-23,2016-06-29,2016-06-27
CNSHA,USA,SECOND_CLASS,2016-06-23,2016-06-28,2016-06-25
CNSHA,USA,SECOND_CLASS,2016-06-23,2016-06-28,2016-06-25
CNSHA,USA,SAME_DAY,2016-06-23,2016-06-24,2016-06-23
CNSHA,USA,SECOND_CLASS,2016-06-23,2016-06-28,2016-06-25
CNSHA,USA,SECOND_CLASS,2016-06-23,2016-06-28,2016-06-25
CNSHA,USA,STANDARD_CLASS,2016-06-23,2016-06-27,2016-06-27
CNSHA,USA,SECOND_CLASS,2016-06-23,2016-06-28,2016-06-25
CNSHA,USA,SAME_DAY,2016-06-23,2016-06-24,2016-06-23
CNSHA,USA,SECOND_CLASS,2016-06-23,2016-06-27,2016-06-25
CNSHA,USA,SECOND_CLASS,2016-06-23,2016-06-25,2016-06-25
CNSHA,USA,STANDARD_CLASS,2016-06-24,2016-06-26,2016-06-28
CNSHA,USA,STANDARD_CLASS,2016-06-24,2016-06-27,2016-06-28
CNSHA,USA,STANDARD_CLASS,2016-06-24,2016-06-26,2016-06-28
CNSHA,USA,SECOND_CLASS,2016-06-24,2016-06-29,2016-06-26
CNSHA,USA,STANDARD_CLASS,2016-06-24,2016-06-29,2016-06-28
CNSHA,USA,STANDARD_CLASS,2016-06-24,2016-06-29,2016-06-28
CNSHA,USA,STANDARD_CLASS,2016-06-24,2016-06-28,2016-06-28
CNSHA,USA,STANDARD_CLASS,2016-06-24,2016-06-29,2016-06-28
CNSHA,USA,STANDARD_CLASS,2016-06-24,2016-06-26,2016-06-28
CNSHA,USA,STANDARD_CLASS,2016-06-24,2016-06-29,2016-06-28
CNSHA,USA,SECOND_CLASS,2016-06-24,2016-06-26,2016-06-26
CNSHA,USA,SECOND_CLASS,2016-06-24,2016-06-27,2016-06-26
CNSHA,USA,STANDARD_CLASS,2016-06-24,2016-06-30,2016-06-28
CNSHA,USA,STANDARD_CLASS,2016-06-24,2016-06-26,2016-06-28
CNSHA,USA,SECOND_CLASS,2016-06-24,2016-06-29,2016-06-26
CNSHA,USA,SECOND_CLASS,2016-06-24,2016-06-30,2016-06-26
CNSHA,USA,STANDARD_CLASS,2016-06-24,2016-06-30,2016-06-28
CNSHA,USA,FIRST_CLASS,2016-06-24,2016-06-26,2016-06-25
CNSHA,USA,STANDARD_CLASS,2016-06-24,2016-06-28,2016-06-28
CNSHA,USA,FIRST_CLASS,2016-06-24,2016-06-26,2016-06-25
CNSHA,USA,STANDARD_CLASS,2016-06-24,2016-06-30,2016-06-28
CNSHA,USA,STANDARD_CLASS,2016-06-24,2016-06-26,2016-06-28
CNSHA,USA,FIRST_CLASS,2016-06-25,2016-06-27,2016-06-26
CNSHA,USA,SECOND_CLASS,2016-06-25,2016-07-01,2016-06-27
CNSHA,USA,FIRST_CLASS,2016-06-25,2016-06-27,2016-06-26
CNSHA,USA,STANDARD_CLASS,2016-06-25,2016-06-28,2016-06-29
CNSHA,USA,SAME_DAY,2016-06-25,2016-06-26,2016-06-25
CNSHA,USA,STANDARD_CLASS,2016-06-25,2016-06-30,2016-06-29
CNSHA,USA,FIRST_CLASS,2016-06-25,2016-06-27,2016-06-26
CNSHA,USA,STANDARD_CLASS,2016-06-25,2016-07-01,2016-06-29
CNSHA,USA,FIRST_CLASS,2016-06-25,2016-06-27,2016-06-26
CNSHA,USA,STANDARD_CLASS,2016-06-25,2016-06-27,2016-06-29
CNSHA,USA,FIRST_CLASS,2016-06-25,2016-06-27,2016-06-26
CNSHA,USA,STANDARD_CLASS,2016-06-25,2016-06-27,2016-06-29
CNSHA,USA,SECOND_CLASS,2016-06-25,2016-06-29,2016-06-27
CNSHA,USA,STANDARD_CLASS,2016-06-25,2016-06-28,2016-06-29
CNSHA,USA,STANDARD_CLASS,2016-06-25,2016-06-28,2016-06-29
CNSHA,USA,STANDARD_CLASS,2016-06-25,2016-06-27,2016-06-29
CNSHA,USA,STANDARD_CLASS,2016-06-25,2016-06-29,2016-06-29
CNSHA,USA,STANDARD_CLASS,2016-06-25,2016-06-30,2016-06-29
CNSHA,USA,STANDARD_CLASS,2016-06-25,2016-06-29,2016-06-29
CNSHA,USA,STANDARD_CLASS,2016-06-25,2016-06-27,2016-06-29
CNSHA,USA,STANDARD_CLASS,2016-06-25,2016-06-30,2016-06-29
CNSHA,USA,STANDARD_CLASS,2016-06-25,2016-06-29,2016-06-29
CNSHA,USA,STANDARD_CLASS,2016-06-26,2016-07-01,2016-06-30
CNSHA,USA,FIRST_CLASS,2016-06-26,2016-06-28,2016-06-27
CNSHA,USA,STANDARD_CLASS,2016-06-26,2016-06-29,2016-06-30
CNSHA,USA,SECOND_CLASS,2016-06-26,2016-06-28,2016-06-28
CNSHA,USA,STANDARD_CLASS,2016-06-26,2016-06-29,2016-06-30
CNSHA,USA,STANDARD_CLASS,2016-06-26,2016-06-29,2016-06-30
CNSHA,USA,STANDARD_CLASS,2016-06-26,2016-07-02,2016-06-30
CNSHA,USA,SECOND_CLASS,2016-06-26,2016-07-02,2016-06-28
CNSHA,USA,SECOND_CLASS,2016-06-26,2016-07-02,2016-06-28
CNSHA,USA,STANDARD_CLASS,2016-06-26,2016-06-28,2016-06-30
CNSHA,USA,SECOND_CLASS,2016-06-26,2016-06-28,2016-06-28
CNSHA,USA,SECOND_CLASS,2016-06-26,2016-06-28,2016-06-28
CNSHA,USA,STANDARD_CLASS,2016-06-26,2016-06-29,2016-06-30
CNSHA,USA,STANDARD_CLASS,2016-06-26,2016-06-29,2016-06-30
CNSHA,USA,STANDARD_CLASS,2016-06-26,2016-07-02,2016-06-30
CNSHA,USA,STANDARD_CLASS,2016-06-26,2016-06-29,2016-06-30
CNSHA,USA,FIRST_CLASS,2016-06-26,2016-06-28,2016-06-27
CNSHA,USA,FIRST_CLASS,2016-06-26,2016-06-28,2016-06-27
CNSHA,USA,SECOND_CLASS,2016-06-26,2016-06-28,2016-06-28
CNSHA,USA,STANDARD_CLASS,2016-06-26,2016-06-29,2016-06-30
CNSHA,USA,STANDARD_CLASS,2016-06-26,2016-07-01,2016-06-30
CNSHA,USA,FIRST_CLASS,2016-06-26,2016-06-28,2016-06-27
CNSHA,USA,STANDARD_CLASS,2016-06-26,2016-06-30,2016-06-30
CNSHA,USA,STANDARD_CLASS,2016-06-26,2016-06-29,2016-06-30
CNSHA,USA,STANDARD_CLASS,2016-06-26,2016-06-29,2016-06-30
CNSHA,USA,FIRST_CLASS,2016-06-26,2016-06-28,2016-06-27
CNSHA,USA,STANDARD_CLASS,2016-06-26,2016-07-02,2016-06-30
CNSHA,USA,STANDARD_CLASS,2016-06-26,2016-07-02,2016-06-30
CNSHA,USA,STANDARD_CLASS,2016-06-26,2016-06-29,2016-06-30
CNSHA,USA,STANDARD_CLASS,2016-06-26,2016-06-29,2016-06-30
CNSHA,USA,STANDARD_CLASS,2016-06-26,2016-06-28,2016-06-30
CNSHA,USA,STANDARD_CLASS,2016-06-26,2016-06-30,2016-06-30
CNSHA,USA,STANDARD_CLASS,2016-06-26,2016-06-28,2016-06-30
CNSHA,USA,FIRST_CLASS,2016-06-26,2016-06-28,2016-06-27
CNSHA,USA,STANDARD_CLASS,2016-06-26,2016-07-01,2016-06-30
CNSHA,USA,STANDARD_CLASS,2016-06-26,2016-06-30,2016-06-30
CNSHA,USA,STANDARD_CLASS,2016-06-26,2016-06-30,2016-06-30
CNSHA,USA,STANDARD_CLASS,2016-06-26,2016-06-29,2016-06-30
CNSHA,USA,STANDARD_CLASS,2016-06-27,2016-07-03,2016-07-01
CNSHA,USA,SAME_DAY,2016-06-27,2016-06-27,2016-06-27
CNSHA,USA,SECOND_CLASS,2016-06-27,2016-06-29,2016-06-29
CNSHA,USA,SECOND_CLASS,2016-06-27,2016-07-03,2016-06-29
CNSHA,USA,STANDARD_CLASS,2016-06-27,2016-06-29,2016-07-01
CNSHA,USA,SECOND_CLASS,2016-06-27,2016-07-03,2016-06-29
CNSHA,USA,STANDARD_CLASS,2016-06-27,2016-07-01,2016-07-01
CNSHA,USA,FIRST_CLASS,2016-06-27,2016-06-29,2016-06-28
CNSHA,USA,STANDARD_CLASS,2016-06-27,2016-07-03,2016-07-01
CNSHA,USA,STANDARD_CLASS,2016-06-27,2016-06-29,2016-07-01
CNSHA,USA,STANDARD_CLASS,2016-06-27,2016-07-02,2016-07-01
CNSHA,USA,FIRST_CLASS,2016-06-27,2016-06-29,2016-06-28
CNSHA,USA,SECOND_CLASS,2016-06-27,2016-06-29,2016-06-29
CNSHA,USA,STANDARD_CLASS,2016-06-27,2016-07-02,2016-07-01
CNSHA,USA,SECOND_CLASS,2016-06-27,2016-06-29,2016-06-29
CNSHA,USA,SAME_DAY,2016-06-27,2016-06-27,2016-06-27
CNSHA,USA,FIRST_CLASS,2016-06-27,2016-06-29,2016-06-28
CNSHA,USA,STANDARD_CLASS,2016-06-27,2016-07-02,2016-07-01
CNSHA,USA,STANDARD_CLASS,2016-06-27,2016-06-30,2016-07-01
CNSHA,USA,FIRST_CLASS,2016-06-27,2016-06-29,2016-06-28
CNSHA,USA,STANDARD_CLASS,2016-06-27,2016-06-29,2016-07-01
CNSHA,USA,STANDARD_CLASS,2016-06-27,2016-07-03,2016-07-01
CNSHA,USA,STANDARD_CLASS,2016-06-27,2016-07-03,2016-07-01
CNSHA,USA,FIRST_CLASS,2016-06-27,2016-06-29,2016-06-28
CNSHA,USA,FIRST_CLASS,2016-06-27,2016-06-29,2016-06-28
CNSHA,USA,STANDARD_CLASS,2016-06-27,2016-06-30,2016-07-01
CNSHA,USA,STANDARD_CLASS,2016-06-27,2016-07-03,2016-07-01
CNSHA,USA,FIRST_CLASS,2016-06-27,2016-06-29,2016-06-28
CNSHA,USA,STANDARD_CLASS,2016-06-27,2016-06-30,2016-07-01
CNSHA,USA,STANDARD_CLASS,2016-06-27,2016-06-29,2016-07-01
CNSHA,USA,STANDARD_CLASS,2016-06-27,2016-07-03,2016-07-01
CNSHA,USA,SECOND_CLASS,2016-06-27,2016-07-01,2016-06-29
CNSHA,USA,FIRST_CLASS,2016-06-28,2016-06-30,2016-06-29
CNSHA,USA,FIRST_CLASS,2016-06-28,2016-06-30,2016-06-29
CNSHA,USA,SECOND_CLASS,2016-06-28,2016-07-02,2016-06-30
CNSHA,USA,FIRST_CLASS,2016-06-28,2016-06-30,2016-06-29
CNSHA,USA,STANDARD_CLASS,2016-06-28,2016-07-03,2016-07-02
CNSHA,USA,FIRST_CLASS,2016-06-28,2016-06-30,2016-06-29
CNSHA,USA,SECOND_CLASS,2016-06-28,2016-06-30,2016-06-30
CNSHA,USA,FIRST_CLASS,2016-06-28,2016-06-30,2016-06-29
CNSHA,USA,STANDARD_CLASS,2016-06-28,2016-06-30,2016-07-02
CNSHA,USA,FIRST_CLASS,2016-06-28,2016-06-30,2016-06-29
CNSHA,USA,STANDARD_CLASS,2016-06-28,2016-07-01,2016-07-02
CNSHA,USA,FIRST_CLASS,2016-06-28,2016-06-30,2016-06-29
CNSHA,USA,STANDARD_CLASS,2016-06-28,2016-06-30,2016-07-02
CNSHA,USA,STANDARD_CLASS,2016-06-28,2016-07-04,2016-07-02
CNSHA,USA,STANDARD_CLASS,2016-06-28,2016-07-03,2016-07-02
CNSHA,USA,SECOND_CLASS,2016-06-28,2016-07-03,2016-06-30
CNSHA,USA,STANDARD_CLASS,2016-06-28,2016-07-03,2016-07-02
CNSHA,USA,FIRST_CLASS,2016-06-28,2016-06-30,2016-06-29
CNSHA,USA,FIRST_CLASS,2016-06-28,2016-06-30,2016-06-29
CNSHA,USA,STANDARD_CLASS,2016-06-28,2016-07-01,2016-07-02
CNSHA,USA,STANDARD_CLASS,2016-06-28,2016-07-04,2016-07-02
CNSHA,USA,SECOND_CLASS,2016-06-28,2016-07-03,2016-06-30
CNSHA,USA,STANDARD_CLASS,2016-06-28,2016-07-01,2016-07-02
CNSHA,USA,STANDARD_CLASS,2016-06-28,2016-07-01,2016-07-02
CNSHA,USA,SECOND_CLASS,2016-06-28,2016-07-03,2016-06-30
CNSHA,USA,FIRST_CLASS,2016-06-28,2016-06-30,2016-06-29
CNSHA,USA,FIRST_CLASS,2016-06-28,2016-06-30,2016-06-29
CNSHA,USA,FIRST_CLASS,2016-06-28,2016-06-30,2016-06-29
CNSHA,USA,STANDARD_CLASS,2016-06-28,2016-07-01,2016-07-02
CNSHA,USA,STANDARD_CLASS,2016-06-29,2016-07-04,2016-07-03
CNSHA,USA,STANDARD_CLASS,2016-06-29,2016-07-05,2016-07-03
CNSHA,USA,FIRST_CLASS,2016-06-29,2016-07-01,2016-06-30
CNSHA,USA,STANDARD_CLASS,2016-06-29,2016-07-01,2016-07-03
CNSHA,USA,FIRST_CLASS,2016-06-29,2016-07-01,2016-06-30
CNSHA,USA,STANDARD_CLASS,2016-06-29,2016-07-04,2016-07-03
CNSHA,USA,STANDARD_CLASS,2016-06-29,2016-07-05,2016-07-03
CNSHA,USA,STANDARD_CLASS,2016-06-29,2016-07-03,2016-07-03
CNSHA,USA,STANDARD_CLASS,2016-06-29,2016-07-04,2016-07-03
CNSHA,USA,STANDARD_CLASS,2016-06-29,2016-07-01,2016-07-03
CNSHA,USA,STANDARD_CLASS,2016-06-29,2016-07-04,2016-07-03
CNSHA,USA,STANDARD_CLASS,2016-06-29,2016-07-05,2016-07-03
CNSHA,USA,STANDARD_CLASS,2016-06-29,2016-07-05,2016-07-03
CNSHA,USA,SAME_DAY,2016-06-29,2016-06-30,2016-06-29
CNSHA,USA,STANDARD_CLASS,2016-06-29,2016-07-04,2016-07-03
CNSHA,USA,STANDARD_CLASS,2016-06-29,2016-07-04,2016-07-03
CNSHA,USA,STANDARD_CLASS,2016-06-29,2016-07-03,2016-07-03
CNSHA,USA,STANDARD_CLASS,2016-06-29,2016-07-03,2016-07-03
CNSHA,USA,STANDARD_CLASS,2016-06-29,2016-07-02,2016-07-03
CNSHA,USA,SECOND_CLASS,2016-06-29,2016-07-01,2016-07-01
CNSHA,USA,STANDARD_CLASS,2016-06-29,2016-07-03,2016-07-03
CNSHA,USA,SECOND_CLASS,2016-06-29,2016-07-01,2016-07-01
CNSHA,USA,STANDARD_CLASS,2016-06-29,2016-07-02,2016-07-03
CNSHA,USA,STANDARD_CLASS,2016-06-29,2016-07-05,2016-07-03
CNSHA,USA,STANDARD_CLASS,2016-06-29,2016-07-05,2016-07-03
CNSHA,USA,STANDARD_CLASS,2016-06-29,2016-07-04,2016-07-03
CNSHA,USA,STANDARD_CLASS,2016-06-29,2016-07-03,2016-07-03
CNSHA,USA,STANDARD_CLASS,2016-06-30,2016-07-04,2016-07-04
CNSHA,USA,STANDARD_CLASS,2016-06-30,2016-07-05,2016-07-04
CNSHA,USA,FIRST_CLASS,2016-06-30,2016-07-02,2016-07-01
CNSHA,USA,STANDARD_CLASS,2016-06-30,2016-07-02,2016-07-04
CNSHA,USA,STANDARD_CLASS,2016-06-30,2016-07-03,2016-07-04
CNSHA,USA,SECOND_CLASS,2016-06-30,2016-07-02,2016-07-02
CNSHA,USA,STANDARD_CLASS,2016-06-30,2016-07-04,2016-07-04
CNSHA,USA,SECOND_CLASS,2016-06-30,2016-07-02,2016-07-02
CNSHA,USA,STANDARD_CLASS,2016-06-30,2016-07-06,2016-07-04
CNSHA,USA,STANDARD_CLASS,2016-06-30,2016-07-03,2016-07-04
CNSHA,USA,STANDARD_CLASS,2016-06-30,2016-07-04,2016-07-04
CNSHA,USA,STANDARD_CLASS,2016-06-30,2016-07-06,2016-07-04
CNSHA,USA,STANDARD_CLASS,2016-06-30,2016-07-02,2016-07-04
CNSHA,USA,STANDARD_CLASS,2016-06-30,2016-07-06,2016-07-04
CNSHA,USA,STANDARD_CLASS,2016-06-30,2016-07-03,2016-07-04
CNSHA,USA,STANDARD_CLASS,2016-06-30,2016-07-03,2016-07-04
CNSHA,USA,SECOND_CLASS,2016-06-30,2016-07-06,2016-07-02
CNSHA,USA,STANDARD_CLASS,2016-06-30,2016-07-05,2016-07-04
CNSHA,USA,STANDARD_CLASS,2016-06-30,2016-07-05,2016-07-04
CNSHA,USA,STANDARD_CLASS,2016-06-30,2016-07-04,2016-07-04
CNSHA,USA,STANDARD_CLASS,2016-06-30,2016-07-02,2016-07-04
CNSHA,USA,STANDARD_CLASS,2016-07-01,2016-07-05,2016-07-05
CNSHA,USA,STANDARD_CLASS,2016-07-01,2016-07-03,2016-07-05
CNSHA,USA,SECOND_CLASS,2016-07-01,2016-07-07,2016-07-03
CNSHA,USA,STANDARD_CLASS,2016-07-01,2016-07-06,2016-07-05
CNSHA,USA,STANDARD_CLASS,2016-07-01,2016-07-04,2016-07-05
CNSHA,USA,STANDARD_CLASS,2016-07-01,2016-07-05,2016-07-05
CNSHA,USA,STANDARD_CLASS,2016-07-01,2016-07-05,2016-07-05
CNSHA,USA,STANDARD_CLASS,2016-07-01,2016-07-07,2016-07-05
CNSHA,USA,SECOND_CLASS,2016-07-01,2016-07-04,2016-07-03
CNSHA,USA,SECOND_CLASS,2016-07-01,2016-07-07,2016-07-03
CNSHA,USA,STANDARD_CLASS,2016-07-01,2016-07-07,2016-07-05
CNSHA,USA,STANDARD_CLASS,2016-07-01,2016-07-04,2016-07-05
CNSHA,USA,STANDARD_CLASS,2016-07-01,2016-07-07,2016-07-05
CNSHA,USA,STANDARD_CLASS,2016-07-01,2016-07-06,2016-07-05
CNSHA,USA,STANDARD_CLASS,2016-07-01,2016-07-05,2016-07-05
CNSHA,USA,STANDARD_CLASS,2016-07-01,2016-07-05,2016-07-05
CNSHA,USA,STANDARD_CLASS,2016-07-01,2016-07-03,2016-07-05
CNSHA,USA,STANDARD_CLASS,2016-07-01,2016-07-07,2016-07-05
CNSHA,USA,FIRST_CLASS,2016-07-01,2016-07-03,2016-07-02
CNSHA,USA,STANDARD_CLASS,2016-07-01,2016-07-07,2016-07-05
CNSHA,USA,STANDARD_CLASS,2016-07-01,2016-07-06,2016-07-05
CNSHA,USA,STANDARD_CLASS,2016-07-01,2016-07-04,2016-07-05
CNSHA,USA,STANDARD_CLASS,2016-07-01,2016-07-06,2016-07-05
CNSHA,USA,STANDARD_CLASS,2016-07-01,2016-07-07,2016-07-05
CNSHA,USA,STANDARD_CLASS,2016-07-01,2016-07-06,2016-07-05
CNSHA,USA,STANDARD_CLASS,2016-07-02,2016-07-07,2016-07-06
CNSHA,USA,STANDARD_CLASS,2016-07-02,2016-07-06,2016-07-06
CNSHA,USA,STANDARD_CLASS,2016-07-02,2016-07-05,2016-07-06
CNSHA,USA,STANDARD_CLASS,2016-07-02,2016-07-05,2016-07-06
CNSHA,USA,STANDARD_CLASS,2016-07-02,2016-07-05,2016-07-06
CNSHA,USA,STANDARD_CLASS,2016-07-02,2016-07-08,2016-07-06
CNSHA,USA,STANDARD_CLASS,2016-07-02,2016-07-08,2016-07-06
CNSHA,USA,STANDARD_CLASS,2016-07-02,2016-07-04,2016-07-06
CNSHA,USA,STANDARD_CLASS,2016-07-02,2016-07-05,2016-07-06
CNSHA,USA,STANDARD_CLASS,2016-07-02,2016-07-05,2016-07-06
CNSHA,USA,STANDARD_CLASS,2016-07-02,2016-07-06,2016-07-06
CNSHA,USA,STANDARD_CLASS,2016-07-02,2016-07-05,2016-07-06
CNSHA,USA,STANDARD_CLASS,2016-07-02,2016-07-05,2016-07-06
CNSHA,USA,SAME_DAY,2016-07-02,2016-07-02,2016-07-02
CNSHA,USA,STANDARD_CLASS,2016-07-02,2016-07-08,2016-07-06
CNSHA,USA,STANDARD_CLASS,2016-07-02,2016-07-07,2016-07-06
CNSHA,USA,SECOND_CLASS,2016-07-02,2016-07-08,2016-07-04
CNSHA,USA,STANDARD_CLASS,2016-07-02,2016-07-08,2016-07-06
CNSHA,USA,STANDARD_CLASS,2016-07-02,2016-07-05,2016-07-06
CNSHA,USA,FIRST_CLASS,2016-07-02,2016-07-04,2016-07-03
CNSHA,USA,STANDARD_CLASS,2016-07-02,2016-07-07,2016-07-06
CNSHA,USA,STANDARD_CLASS,2016-07-02,2016-07-07,2016-07-06
CNSHA,USA,STANDARD_CLASS,2016-07-02,2016-07-04,2016-07-06
CNSHA,USA,STANDARD_CLASS,2016-07-02,2016-07-05,2016-07-06
CNSHA,USA,STANDARD_CLASS,2016-07-02,2016-07-05,2016-07-06
CNSHA,USA,STANDARD_CLASS,2016-07-02,2016-07-08,2016-07-06
CNSHA,USA,STANDARD_CLASS,2016-07-02,2016-07-04,2016-07-06
CNSHA,USA,STANDARD_CLASS,2016-07-02,2016-07-07,2016-07-06
CNSHA,USA,STANDARD_CLASS,2016-07-02,2016-07-07,2016-07-06
CNSHA,USA,STANDARD_CLASS,2016-07-02,2016-07-08,2016-07-06
CNSHA,USA,SECOND_CLASS,2016-07-02,2016-07-08,2016-07-04
CNSHA,USA,STANDARD_CLASS,2016-07-02,2016-07-07,2016-07-06
CNSHA,USA,STANDARD_CLASS,2016-07-03,2016-07-09,2016-07-07
CNSHA,USA,STANDARD_CLASS,2016-07-03,2016-07-07,2016-07-07
CNSHA,USA,SECOND_CLASS,2016-07-03,2016-07-08,2016-07-05
CNSHA,USA,FIRST_CLASS,2016-07-03,2016-07-05,2016-07-04
CNSHA,USA,STANDARD_CLASS,2016-07-03,2016-07-09,2016-07-07
CNSHA,USA,STANDARD_CLASS,2016-07-03,2016-07-09,2016-07-07
CNSHA,USA,STANDARD_CLASS,2016-07-03,2016-07-09,2016-07-07
CNSHA,USA,STANDARD_CLASS,2016-07-03,2016-07-08,2016-07-07
CNSHA,USA,STANDARD_CLASS,2016-07-03,2016-07-09,2016-07-07
CNSHA,USA,STANDARD_CLASS,2016-07-03,2016-07-05,2016-07-07
CNSHA,USA,SECOND_CLASS,2016-07-03,2016-07-05,2016-07-05
CNSHA,USA,FIRST_CLASS,2016-07-03,2016-07-05,2016-07-04
CNSHA,USA,STANDARD_CLASS,2016-07-03,2016-07-06,2016-07-07
CNSHA,USA,STANDARD_CLASS,2016-07-03,2016-07-07,2016-07-07
CNSHA,USA,FIRST_CLASS,2016-07-03,2016-07-05,2016-07-04
CNSHA,USA,STANDARD_CLASS,2016-07-03,2016-07-09,2016-07-07
CNSHA,USA,SECOND_CLASS,2016-07-03,2016-07-05,2016-07-05
CNSHA,USA,STANDARD_CLASS,2016-07-03,2016-07-05,2016-07-07
CNSHA,USA,STANDARD_CLASS,2016-07-03,2016-07-09,2016-07-07
CNSHA,USA,STANDARD_CLASS,2016-07-03,2016-07-09,2016-07-07
CNSHA,USA,STANDARD_CLASS,2016-07-03,2016-07-09,2016-07-07
CNSHA,USA,STANDARD_CLASS,2016-07-03,2016-07-07,2016-07-07
CNSHA,USA,STANDARD_CLASS,2016-07-03,2016-07-05,2016-07-07
CNSHA,USA,STANDARD_CLASS,2016-07-03,2016-07-06,2016-07-07
CNSHA,USA,STANDARD_CLASS,2016-07-03,2016-07-05,2016-07-07
CNSHA,USA,STANDARD_CLASS,2016-07-03,2016-07-09,2016-07-07
CNSHA,USA,SECOND_CLASS,2016-07-03,2016-07-05,2016-07-05
CNSHA,USA,STANDARD_CLASS,2016-07-03,2016-07-07,2016-07-07
CNSHA,USA,SAME_DAY,2016-07-03,2016-07-03,2016-07-03
CNSHA,USA,STANDARD_CLASS,2016-07-04,2016-07-10,2016-07-08
CNSHA,USA,STANDARD_CLASS,2016-07-04,2016-07-06,2016-07-08
CNSHA,USA,STANDARD_CLASS,2016-07-04,2016-07-08,2016-07-08
CNSHA,USA,FIRST_CLASS,2016-07-04,2016-07-06,2016-07-05
CNSHA,USA,FIRST_CLASS,2016-07-04,2016-07-06,2016-07-05
CNSHA,USA,STANDARD_CLASS,2016-07-04,2016-07-08,2016-07-08
CNSHA,USA,STANDARD_CLASS,2016-07-04,2016-07-07,2016-07-08
CNSHA,USA,STANDARD_CLASS,2016-07-04,2016-07-06,2016-07-08
CNSHA,USA,FIRST_CLASS,2016-07-04,2016-07-06,2016-07-05
CNSHA,USA,STANDARD_CLASS,2016-07-04,2016-07-09,2016-07-08
CNSHA,USA,STANDARD_CLASS,2016-07-04,2016-07-07,2016-07-08
CNSHA,USA,FIRST_CLASS,2016-07-04,2016-07-06,2016-07-05
CNSHA,USA,SECOND_CLASS,2016-07-04,2016-07-07,2016-07-06
CNSHA,USA,SECOND_CLASS,2016-07-04,2016-07-06,2016-07-06
CNSHA,USA,FIRST_CLASS,2016-07-04,2016-07-06,2016-07-05
CNSHA,USA,FIRST_CLASS,2016-07-04,2016-07-06,2016-07-05
CNSHA,USA,STANDARD_CLASS,2016-07-05,2016-07-08,2016-07-09
CNSHA,USA,SECOND_CLASS,2016-07-05,2016-07-08,2016-07-07
CNSHA,USA,SAME_DAY,2016-07-05,2016-07-06,2016-07-05
CNSHA,USA,SAME_DAY,2016-07-05,2016-07-06,2016-07-05
CNSHA,USA,SECOND_CLASS,2016-07-05,2016-07-10,2016-07-07
CNSHA,USA,FIRST_CLASS,2016-07-05,2016-07-07,2016-07-06
CNSHA,USA,FIRST_CLASS,2016-07-05,2016-07-07,2016-07-06
CNSHA,USA,STANDARD_CLASS,2016-07-05,2016-07-10,2016-07-09
CNSHA,USA,FIRST_CLASS,2016-07-05,2016-07-07,2016-07-06
CNSHA,USA,FIRST_CLASS,2016-07-05,2016-07-07,2016-07-06
CNSHA,USA,STANDARD_CLASS,2016-07-05,2016-07-11,2016-07-09
CNSHA,USA,STANDARD_CLASS,2016-07-05,2016-07-10,2016-07-09
CNSHA,USA,SECOND_CLASS,2016-07-05,2016-07-08,2016-07-07
CNSHA,USA,STANDARD_CLASS,2016-07-05,2016-07-08,2016-07-09
CNSHA,USA,SECOND_CLASS,2016-07-05,2016-07-10,2016-07-07
CNSHA,USA,SAME_DAY,2016-07-05,2016-07-06,2016-07-05
CNSHA,USA,STANDARD_CLASS,2016-07-05,2016-07-08,2016-07-09
CNSHA,USA,SECOND_CLASS,2016-07-05,2016-07-11,2016-07-07
CNSHA,USA,FIRST_CLASS,2016-07-05,2016-07-07,2016-07-06
CNSHA,USA,STANDARD_CLASS,2016-07-05,2016-07-09,2016-07-09
CNSHA,USA,FIRST_CLASS,2016-07-05,2016-07-07,2016-07-06
CNSHA,USA,SECOND_CLASS,2016-07-05,2016-07-08,2016-07-07
CNSHA,USA,SECOND_CLASS,2016-07-05,2016-07-10,2016-07-07
CNSHA,USA,FIRST_CLASS,2016-07-05,2016-07-07,2016-07-06
CNSHA,USA,STANDARD_CLASS,2016-07-05,2016-07-11,2016-07-09
CNSHA,USA,SECOND_CLASS,2016-07-05,2016-07-07,2016-07-07
CNSHA,USA,STANDARD_CLASS,2016-07-05,2016-07-10,2016-07-09
CNSHA,USA,STANDARD_CLASS,2016-07-05,2016-07-10,2016-07-09
CNSHA,USA,SECOND_CLASS,2016-07-05,2016-07-10,2016-07-07
CNSHA,USA,STANDARD_CLASS,2016-07-05,2016-07-11,2016-07-09
CNSHA,USA,STANDARD_CLASS,2016-07-06,2016-07-11,2016-07-10
CNSHA,USA,STANDARD_CLASS,2016-07-06,2016-07-08,2016-07-10
CNSHA,USA,STANDARD_CLASS,2016-07-06,2016-07-10,2016-07-10
CNSHA,USA,STANDARD_CLASS,2016-07-06,2016-07-11,2016-07-10
CNSHA,USA,SAME_DAY,2016-07-06,2016-07-06,2016-07-06
CNSHA,USA,SECOND_CLASS,2016-07-06,2016-07-11,2016-07-08
CNSHA,USA,SECOND_CLASS,2016-07-06,2016-07-11,2016-07-08
CNSHA,USA,STANDARD_CLASS,2016-07-06,2016-07-11,2016-07-10
CNSHA,USA,STANDARD_CLASS,2016-07-06,2016-07-09,2016-07-10
CNSHA,USA,STANDARD_CLASS,2016-07-06,2016-07-12,2016-07-10
CNSHA,USA,STANDARD_CLASS,2016-07-06,2016-07-12,2016-07-10
CNSHA,USA,STANDARD_CLASS,2016-07-06,2016-07-09,2016-07-10
CNSHA,USA,SECOND_CLASS,2016-07-06,2016-07-10,2016-07-08
CNSHA,USA,SECOND_CLASS,2016-07-06,2016-07-09,2016-07-08
CNSHA,USA,STANDARD_CLASS,2016-07-06,2016-07-12,2016-07-10
CNSHA,USA,SECOND_CLASS,2016-07-06,2016-07-08,2016-07-08
CNSHA,USA,STANDARD_CLASS,2016-07-06,2016-07-12,2016-07-10
CNSHA,USA,SAME_DAY,2016-07-06,2016-07-06,2016-07-06
CNSHA,USA,STANDARD_CLASS,2016-07-06,2016-07-09,2016-07-10
CNSHA,USA,SECOND_CLASS,2016-07-06,2016-07-11,2016-07-08
CNSHA,USA,SECOND_CLASS,2016-07-06,2016-07-08,2016-07-08
CNSHA,USA,SECOND_CLASS,2016-07-06,2016-07-12,2016-07-08
CNSHA,USA,STANDARD_CLASS,2016-07-06,2016-07-08,2016-07-10
CNSHA,USA,SECOND_CLASS,2016-07-06,2016-07-08,2016-07-08
CNSHA,USA,STANDARD_CLASS,2016-07-06,2016-07-12,2016-07-10
CNSHA,USA,STANDARD_CLASS,2016-07-06,2016-07-09,2016-07-10
CNSHA,USA,STANDARD_CLASS,2016-07-06,2016-07-09,2016-07-10
CNSHA,USA,STANDARD_CLASS,2016-07-06,2016-07-11,2016-07-10
CNSHA,USA,STANDARD_CLASS,2016-07-07,2016-07-13,2016-07-11
CNSHA,USA,STANDARD_CLASS,2016-07-07,2016-07-09,2016-07-11
CNSHA,USA,FIRST_CLASS,2016-07-07,2016-07-09,2016-07-08
CNSHA,USA,STANDARD_CLASS,2016-07-07,2016-07-10,2016-07-11
CNSHA,USA,STANDARD_CLASS,2016-07-07,2016-07-10,2016-07-11
CNSHA,USA,FIRST_CLASS,2016-07-07,2016-07-09,2016-07-08
CNSHA,USA,STANDARD_CLASS,2016-07-07,2016-07-10,2016-07-11
CNSHA,USA,STANDARD_CLASS,2016-07-07,2016-07-10,2016-07-11
CNSHA,USA,STANDARD_CLASS,2016-07-07,2016-07-09,2016-07-11
CNSHA,USA,FIRST_CLASS,2016-07-07,2016-07-09,2016-07-08
CNSHA,USA,FIRST_CLASS,2016-07-07,2016-07-09,2016-07-08
CNSHA,USA,STANDARD_CLASS,2016-07-07,2016-07-10,2016-07-11
CNSHA,USA,STANDARD_CLASS,2016-07-07,2016-07-10,2016-07-11
CNSHA,USA,STANDARD_CLASS,2016-07-07,2016-07-10,2016-07-11
CNSHA,USA,STANDARD_CLASS,2016-07-07,2016-07-10,2016-07-11
CNSHA,USA,STANDARD_CLASS,2016-07-07,2016-07-13,2016-07-11
CNSHA,USA,FIRST_CLASS,2016-07-07,2016-07-09,2016-07-08
CNSHA,USA,STANDARD_CLASS,2016-07-07,2016-07-11,2016-07-11
CNSHA,USA,STANDARD_CLASS,2016-07-07,2016-07-12,2016-07-11
CNSHA,USA,STANDARD_CLASS,2016-07-07,2016-07-12,2016-07-11
CNSHA,USA,SAME_DAY,2016-07-07,2016-07-07,2016-07-07
CNSHA,USA,STANDARD_CLASS,2016-07-07,2016-07-13,2016-07-11
CNSHA,USA,STANDARD_CLASS,2016-07-07,2016-07-10,2016-07-11
CNSHA,USA,SECOND_CLASS,2016-07-07,2016-07-11,2016-07-09
CNSHA,USA,STANDARD_CLASS,2016-07-07,2016-07-12,2016-07-11
CNSHA,USA,STANDARD_CLASS,2016-07-07,2016-07-11,2016-07-11
CNSHA,USA,STANDARD_CLASS,2016-07-08,2016-07-14,2016-07-12
CNSHA,USA,STANDARD_CLASS,2016-07-08,2016-07-10,2016-07-12
CNSHA,USA,STANDARD_CLASS,2016-07-08,2016-07-12,2016-07-12
CNSHA,USA,STANDARD_CLASS,2016-07-08,2016-07-11,2016-07-12
CNSHA,USA,STANDARD_CLASS,2016-07-08,2016-07-13,2016-07-12
CNSHA,USA,STANDARD_CLASS,2016-07-08,2016-07-10,2016-07-12
CNSHA,USA,STANDARD_CLASS,2016-07-08,2016-07-14,2016-07-12
CNSHA,USA,STANDARD_CLASS,2016-07-08,2016-07-11,2016-07-12
CNSHA,USA,STANDARD_CLASS,2016-07-08,2016-07-14,2016-07-12
CNSHA,USA,STANDARD_CLASS,2016-07-08,2016-07-13,2016-07-12
CNSHA,USA,STANDARD_CLASS,2016-07-08,2016-07-11,2016-07-12
CNSHA,USA,SECOND_CLASS,2016-07-08,2016-07-14,2016-07-10
CNSHA,USA,STANDARD_CLASS,2016-07-08,2016-07-10,2016-07-12
CNSHA,USA,SECOND_CLASS,2016-07-08,2016-07-14,2016-07-10
CNSHA,USA,STANDARD_CLASS,2016-07-08,2016-07-12,2016-07-12
CNSHA,USA,SECOND_CLASS,2016-07-08,2016-07-12,2016-07-10
CNSHA,USA,STANDARD_CLASS,2016-07-08,2016-07-14,2016-07-12
CNSHA,USA,FIRST_CLASS,2016-07-08,2016-07-10,2016-07-09
CNSHA,USA,STANDARD_CLASS,2016-07-08,2016-07-14,2016-07-12
CNSHA,USA,SAME_DAY,2016-07-08,2016-07-09,2016-07-08
CNSHA,USA,STANDARD_CLASS,2016-07-08,2016-07-10,2016-07-12
CNSHA,USA,STANDARD_CLASS,2016-07-08,2016-07-12,2016-07-12
CNSHA,USA,FIRST_CLASS,2016-07-09,2016-07-11,2016-07-10
CNSHA,USA,FIRST_CLASS,2016-07-09,2016-07-11,2016-07-10
CNSHA,USA,STANDARD_CLASS,2016-07-09,2016-07-12,2016-07-13
CNSHA,USA,FIRST_CLASS,2016-07-09,2016-07-11,2016-07-10
CNSHA,USA,FIRST_CLASS,2016-07-09,2016-07-11,2016-07-10
CNSHA,USA,STANDARD_CLASS,2016-07-09,2016-07-11,2016-07-13
CNSHA,USA,FIRST_CLASS,2016-07-09,2016-07-11,2016-07-10
CNSHA,USA,STANDARD_CLASS,2016-07-09,2016-07-12,2016-07-13
CNSHA,USA,STANDARD_CLASS,2016-07-09,2016-07-11,2016-07-13
CNSHA,USA,FIRST_CLASS,2016-07-09,2016-07-11,2016-07-10
CNSHA,USA,STANDARD_CLASS,2016-07-09,2016-07-14,2016-07-13
CNSHA,USA,SECOND_CLASS,2016-07-09,2016-07-13,2016-07-11
CNSHA,USA,FIRST_CLASS,2016-07-09,2016-07-11,2016-07-10
CNSHA,USA,STANDARD_CLASS,2016-07-09,2016-07-14,2016-07-13
CNSHA,USA,STANDARD_CLASS,2016-07-09,2016-07-11,2016-07-13
CNSHA,USA,SECOND_CLASS,2016-07-09,2016-07-15,2016-07-11
CNSHA,USA,SECOND_CLASS,2016-07-09,2016-07-15,2016-07-11
CNSHA,USA,SECOND_CLASS,2016-07-09,2016-07-14,2016-07-11
CNSHA,USA,STANDARD_CLASS,2016-07-09,2016-07-15,2016-07-13
CNSHA,USA,STANDARD_CLASS,2016-07-09,2016-07-13,2016-07-13
CNSHA,USA,STANDARD_CLASS,2016-07-09,2016-07-13,2016-07-13
CNSHA,USA,STANDARD_CLASS,2016-07-09,2016-07-12,2016-07-13
CNSHA,USA,FIRST_CLASS,2016-07-09,2016-07-11,2016-07-10
CNSHA,USA,FIRST_CLASS,2016-07-09,2016-07-11,2016-07-10
CNSHA,USA,STANDARD_CLASS,2016-07-09,2016-07-15,2016-07-13
CNSHA,USA,STANDARD_CLASS,2016-07-09,2016-07-15,2016-07-13
CNSHA,USA,FIRST_CLASS,2016-07-09,2016-07-11,2016-07-10
CNSHA,USA,STANDARD_CLASS,2016-07-09,2016-07-11,2016-07-13
CNSHA,USA,STANDARD_CLASS,2016-07-09,2016-07-12,2016-07-13
CNSHA,USA,STANDARD_CLASS,2016-07-10,2016-07-15,2016-07-14
CNSHA,USA,STANDARD_CLASS,2016-07-10,2016-07-16,2016-07-14
CNSHA,USA,FIRST_CLASS,2016-07-10,2016-07-12,2016-07-11
CNSHA,USA,STANDARD_CLASS,2016-07-10,2016-07-15,2016-07-14
CNSHA,USA,STANDARD_CLASS,2016-07-10,2016-07-15,2016-07-14
CNSHA,USA,STANDARD_CLASS,2016-07-10,2016-07-16,2016-07-14
CNSHA,USA,SECOND_CLASS,2016-07-10,2016-07-16,2016-07-12
CNSHA,USA,FIRST_CLASS,2016-07-10,2016-07-12,2016-07-11
CNSHA,USA,STANDARD_CLASS,2016-07-10,2016-07-13,2016-07-14
CNSHA,USA,STANDARD_CLASS,2016-07-10,2016-07-16,2016-07-14
CNSHA,USA,STANDARD_CLASS,2016-07-10,2016-07-13,2016-07-14
CNSHA,USA,SECOND_CLASS,2016-07-10,2016-07-16,2016-07-12
CNSHA,USA,STANDARD_CLASS,2016-07-10,2016-07-12,2016-07-14
CNSHA,USA,SECOND_CLASS,2016-07-10,2016-07-12,2016-07-12
CNSHA,USA,SECOND_CLASS,2016-07-10,2016-07-15,2016-07-12
CNSHA,USA,STANDARD_CLASS,2016-07-10,2016-07-16,2016-07-14
CNSHA,USA,FIRST_CLASS,2016-07-10,2016-07-12,2016-07-11
CNSHA,USA,SECOND_CLASS,2016-07-10,2016-07-16,2016-07-12
CNSHA,USA,STANDARD_CLASS,2016-07-10,2016-07-15,2016-07-14
CNSHA,USA,STANDARD_CLASS,2016-07-10,2016-07-16,2016-07-14
CNSHA,USA,SECOND_CLASS,2016-07-10,2016-07-12,2016-07-12
CNSHA,USA,STANDARD_CLASS,2016-07-10,2016-07-15,2016-07-14
CNSHA,USA,SECOND_CLASS,2016-07-10,2016-07-12,2016-07-12
CNSHA,USA,FIRST_CLASS,2016-07-11,2016-07-13,2016-07-12
CNSHA,USA,SECOND_CLASS,2016-07-11,2016-07-14,2016-07-13
CNSHA,USA,STANDARD_CLASS,2016-07-11,2016-07-16,2016-07-15
CNSHA,USA,STANDARD_CLASS,2016-07-11,2016-07-16,2016-07-15
CNSHA,USA,STANDARD_CLASS,2016-07-11,2016-07-15,2016-07-15
CNSHA,USA,STANDARD_CLASS,2016-07-11,2016-07-14,2016-07-15
CNSHA,USA,SECOND_CLASS,2016-07-11,2016-07-14,2016-07-13
CNSHA,USA,STANDARD_CLASS,2016-07-11,2016-07-16,2016-07-15
CNSHA,USA,FIRST_CLASS,2016-07-11,2016-07-13,2016-07-12
CNSHA,USA,SECOND_CLASS,2016-07-11,2016-07-15,2016-07-13
CNSHA,USA,STANDARD_CLASS,2016-07-11,2016-07-14,2016-07-15
CNSHA,USA,STANDARD_CLASS,2016-07-11,2016-07-15,2016-07-15
CNSHA,USA,STANDARD_CLASS,2016-07-11,2016-07-15,2016-07-15
CNSHA,USA,STANDARD_CLASS,2016-07-11,2016-07-17,2016-07-15
CNSHA,USA,STANDARD_CLASS,2016-07-11,2016-07-17,2016-07-15
CNSHA,USA,STANDARD_CLASS,2016-07-11,2016-07-14,2016-07-15
CNSHA,USA,SECOND_CLASS,2016-07-11,2016-07-15,2016-07-13
CNSHA,USA,SECOND_CLASS,2016-07-11,2016-07-14,2016-07-13
CNSHA,USA,STANDARD_CLASS,2016-07-11,2016-07-17,2016-07-15
CNSHA,USA,FIRST_CLASS,2016-07-11,2016-07-13,2016-07-12
CNSHA,USA,STANDARD_CLASS,2016-07-11,2016-07-17,2016-07-15
CNSHA,USA,STANDARD_CLASS,2016-07-11,2016-07-16,2016-07-15
CNSHA,USA,STANDARD_CLASS,2016-07-11,2016-07-15,2016-07-15
CNSHA,USA,STANDARD_CLASS,2016-07-11,2016-07-13,2016-07-15
CNSHA,USA,SECOND_CLASS,2016-07-11,2016-07-15,2016-07-13
CNSHA,USA,STANDARD_CLASS,2016-07-11,2016-07-15,2016-07-15
CNSHA,USA,STANDARD_CLASS,2016-07-11,2016-07-13,2016-07-15
CNSHA,USA,STANDARD_CLASS,2016-07-11,2016-07-17,2016-07-15
CNSHA,USA,STANDARD_CLASS,2016-07-12,2016-07-14,2016-07-16
CNSHA,USA,FIRST_CLASS,2016-07-12,2016-07-14,2016-07-13
CNSHA,USA,SECOND_CLASS,2016-07-12,2016-07-14,2016-07-14
CNSHA,USA,FIRST_CLASS,2016-07-12,2016-07-14,2016-07-13
CNSHA,USA,STANDARD_CLASS,2016-07-12,2016-07-15,2016-07-16
CNSHA,USA,STANDARD_CLASS,2016-07-12,2016-07-17,2016-07-16
CNSHA,USA,STANDARD_CLASS,2016-07-12,2016-07-16,2016-07-16
CNSHA,USA,STANDARD_CLASS,2016-07-12,2016-07-15,2016-07-16
CNSHA,USA,STANDARD_CLASS,2016-07-12,2016-07-15,2016-07-16
CNSHA,USA,STANDARD_CLASS,2016-07-12,2016-07-18,2016-07-16
CNSHA,USA,STANDARD_CLASS,2016-07-12,2016-07-16,2016-07-16
CNSHA,USA,FIRST_CLASS,2016-07-12,2016-07-14,2016-07-13
CNSHA,USA,STANDARD_CLASS,2016-07-12,2016-07-17,2016-07-16
CNSHA,USA,FIRST_CLASS,2016-07-12,2016-07-14,2016-07-13
CNSHA,USA,STANDARD_CLASS,2016-07-12,2016-07-18,2016-07-16
CNSHA,USA,STANDARD_CLASS,2016-07-12,2016-07-15,2016-07-16
CNSHA,USA,STANDARD_CLASS,2016-07-12,2016-07-15,2016-07-16
CNSHA,USA,SECOND_CLASS,2016-07-12,2016-07-18,2016-07-14
CNSHA,USA,STANDARD_CLASS,2016-07-12,2016-07-16,2016-07-16
CNSHA,USA,SECOND_CLASS,2016-07-12,2016-07-15,2016-07-14
CNSHA,USA,SECOND_CLASS,2016-07-12,2016-07-15,2016-07-14
CNSHA,USA,STANDARD_CLASS,2016-07-12,2016-07-17,2016-07-16
CNSHA,USA,FIRST_CLASS,2016-07-13,2016-07-15,2016-07-14
CNSHA,USA,STANDARD_CLASS,2016-07-13,2016-07-15,2016-07-17
CNSHA,USA,SECOND_CLASS,2016-07-13,2016-07-19,2016-07-15
CNSHA,USA,STANDARD_CLASS,2016-07-13,2016-07-16,2016-07-17
CNSHA,USA,STANDARD_CLASS,2016-07-13,2016-07-15,2016-07-17
CNSHA,USA,STANDARD_CLASS,2016-07-13,2016-07-17,2016-07-17
CNSHA,USA,STANDARD_CLASS,2016-07-13,2016-07-18,2016-07-17
CNSHA,USA,FIRST_CLASS,2016-07-13,2016-07-15,2016-07-14
CNSHA,USA,STANDARD_CLASS,2016-07-13,2016-07-18,2016-07-17
CNSHA,USA,FIRST_CLASS,2016-07-13,2016-07-15,2016-07-14
CNSHA,USA,STANDARD_CLASS,2016-07-13,2016-07-17,2016-07-17
CNSHA,USA,SECOND_CLASS,2016-07-13,2016-07-15,2016-07-15
CNSHA,USA,STANDARD_CLASS,2016-07-13,2016-07-15,2016-07-17
CNSHA,USA,STANDARD_CLASS,2016-07-13,2016-07-19,2016-07-17
CNSHA,USA,FIRST_CLASS,2016-07-13,2016-07-15,2016-07-14
CNSHA,USA,STANDARD_CLASS,2016-07-13,2016-07-17,2016-07-17
CNSHA,USA,FIRST_CLASS,2016-07-13,2016-07-15,2016-07-14
CNSHA,USA,STANDARD_CLASS,2016-07-13,2016-07-19,2016-07-17
CNSHA,USA,STANDARD_CLASS,2016-07-13,2016-07-15,2016-07-17
CNSHA,USA,STANDARD_CLASS,2016-07-13,2016-07-17,2016-07-17
CNSHA,USA,STANDARD_CLASS,2016-07-13,2016-07-17,2016-07-17
CNSHA,USA,FIRST_CLASS,2016-07-13,2016-07-15,2016-07-14
CNSHA,USA,STANDARD_CLASS,2016-07-13,2016-07-17,2016-07-17
CNSHA,USA,SECOND_CLASS,2016-07-13,2016-07-18,2016-07-15
CNSHA,USA,STANDARD_CLASS,2016-07-13,2016-07-17,2016-07-17
CNSHA,USA,FIRST_CLASS,2016-07-13,2016-07-15,2016-07-14
CNSHA,USA,FIRST_CLASS,2016-07-13,2016-07-15,2016-07-14
CNSHA,USA,FIRST_CLASS,2016-07-13,2016-07-15,2016-07-14
CNSHA,USA,FIRST_CLASS,2016-07-13,2016-07-15,2016-07-14
CNSHA,USA,FIRST_CLASS,2016-07-13,2016-07-15,2016-07-14
CNSHA,USA,FIRST_CLASS,2016-07-14,2016-07-16,2016-07-15
CNSHA,USA,FIRST_CLASS,2016-07-14,2016-07-16,2016-07-15
CNSHA,USA,STANDARD_CLASS,2016-07-14,2016-07-19,2016-07-18
CNSHA,USA,STANDARD_CLASS,2016-07-14,2016-07-17,2016-07-18
CNSHA,USA,STANDARD_CLASS,2016-07-14,2016-07-19,2016-07-18
CNSHA,USA,STANDARD_CLASS,2016-07-14,2016-07-16,2016-07-18
CNSHA,USA,SECOND_CLASS,2016-07-14,2016-07-19,2016-07-16
CNSHA,USA,FIRST_CLASS,2016-07-14,2016-07-16,2016-07-15
CNSHA,USA,SECOND_CLASS,2016-07-14,2016-07-16,2016-07-16
CNSHA,USA,FIRST_CLASS,2016-07-14,2016-07-16,2016-07-15
CNSHA,USA,FIRST_CLASS,2016-07-14,2016-07-16,2016-07-15
CNSHA,USA,SECOND_CLASS,2016-07-14,2016-07-17,2016-07-16
CNSHA,USA,STANDARD_CLASS,2016-07-14,2016-07-20,2016-07-18
CNSHA,USA,STANDARD_CLASS,2016-07-14,2016-07-18,2016-07-18
CNSHA,USA,FIRST_CLASS,2016-07-14,2016-07-16,2016-07-15
CNSHA,USA,FIRST_CLASS,2016-07-14,2016-07-16,2016-07-15
CNSHA,USA,SECOND_CLASS,2016-07-14,2016-07-19,2016-07-16
CNSHA,USA,FIRST_CLASS,2016-07-14,2016-07-16,2016-07-15
CNSHA,USA,FIRST_CLASS,2016-07-15,2016-07-17,2016-07-16
CNSHA,USA,SECOND_CLASS,2016-07-15,2016-07-18,2016-07-17
CNSHA,USA,STANDARD_CLASS,2016-07-15,2016-07-18,2016-07-19
CNSHA,USA,FIRST_CLASS,2016-07-15,2016-07-17,2016-07-16
CNSHA,USA,STANDARD_CLASS,2016-07-15,2016-07-18,2016-07-19
CNSHA,USA,SECOND_CLASS,2016-07-15,2016-07-17,2016-07-17
CNSHA,USA,STANDARD_CLASS,2016-07-15,2016-07-20,2016-07-19
CNSHA,USA,SECOND_CLASS,2016-07-15,2016-07-21,2016-07-17
CNSHA,USA,STANDARD_CLASS,2016-07-15,2016-07-19,2016-07-19
CNSHA,USA,FIRST_CLASS,2016-07-15,2016-07-17,2016-07-16
CNSHA,USA,FIRST_CLASS,2016-07-15,2016-07-17,2016-07-16
CNSHA,USA,SECOND_CLASS,2016-07-15,2016-07-17,2016-07-17
CNSHA,USA,SECOND_CLASS,2016-07-15,2016-07-21,2016-07-17
CNSHA,USA,SECOND_CLASS,2016-07-15,2016-07-21,2016-07-17
CNSHA,USA,STANDARD_CLASS,2016-07-15,2016-07-21,2016-07-19
CNSHA,USA,STANDARD_CLASS,2016-07-15,2016-07-19,2016-07-19
CNSHA,USA,SECOND_CLASS,2016-07-15,2016-07-20,2016-07-17
CNSHA,USA,FIRST_CLASS,2016-07-15,2016-07-17,2016-07-16
CNSHA,USA,STANDARD_CLASS,2016-07-15,2016-07-18,2016-07-19
CNSHA,USA,SECOND_CLASS,2016-07-15,2016-07-17,2016-07-17
CNSHA,USA,STANDARD_CLASS,2016-07-15,2016-07-18,2016-07-19
CNSHA,USA,STANDARD_CLASS,2016-07-15,2016-07-18,2016-07-19
CNSHA,USA,FIRST_CLASS,2016-07-15,2016-07-17,2016-07-16
CNSHA,USA,STANDARD_CLASS,2016-07-15,2016-07-18,2016-07-19
CNSHA,USA,STANDARD_CLASS,2016-07-15,2016-07-19,2016-07-19
CNSHA,USA,STANDARD_CLASS,2016-07-15,2016-07-17,2016-07-19
CNSHA,USA,STANDARD_CLASS,2016-07-15,2016-07-20,2016-07-19
CNSHA,USA,STANDARD_CLASS,2016-07-15,2016-07-19,2016-07-19
CNSHA,USA,STANDARD_CLASS,2016-07-15,2016-07-19,2016-07-19
CNSHA,USA,STANDARD_CLASS,2016-07-16,2016-07-19,2016-07-20
CNSHA,USA,SAME_DAY,2016-07-16,2016-07-16,2016-07-16
CNSHA,USA,STANDARD_CLASS,2016-07-16,2016-07-19,2016-07-20
CNSHA,USA,STANDARD_CLASS,2016-07-16,2016-07-22,2016-07-20
CNSHA,USA,STANDARD_CLASS,2016-07-16,2016-07-19,2016-07-20
CNSHA,USA,STANDARD_CLASS,2016-07-16,2016-07-20,2016-07-20
CNSHA,USA,STANDARD_CLASS,2016-07-16,2016-07-21,2016-07-20
CNSHA,USA,STANDARD_CLASS,2016-07-16,2016-07-20,2016-07-20
CNSHA,USA,STANDARD_CLASS,2016-07-16,2016-07-18,2016-07-20
CNSHA,USA,SAME_DAY,2016-07-16,2016-07-16,2016-07-16
CNSHA,USA,SAME_DAY,2016-07-16,2016-07-16,2016-07-16
CNSHA,USA,SECOND_CLASS,2016-07-16,2016-07-21,2016-07-18
CNSHA,USA,STANDARD_CLASS,2016-07-16,2016-07-18,2016-07-20
CNSHA,USA,SAME_DAY,2016-07-16,2016-07-16,2016-07-16
CNSHA,USA,STANDARD_CLASS,2016-07-16,2016-07-18,2016-07-20
CNSHA,USA,SAME_DAY,2016-07-16,2016-07-16,2016-07-16
CNSHA,USA,FIRST_CLASS,2016-07-16,2016-07-18,2016-07-17
CNSHA,USA,SECOND_CLASS,2016-07-16,2016-07-20,2016-07-18
CNSHA,USA,SAME_DAY,2016-07-16,2016-07-16,2016-07-16
CNSHA,USA,SECOND_CLASS,2016-07-16,2016-07-20,2016-07-18
CNSHA,USA,SAME_DAY,2016-07-16,2016-07-16,2016-07-16
CNSHA,USA,FIRST_CLASS,2016-07-16,2016-07-18,2016-07-17
CNSHA,USA,STANDARD_CLASS,2016-07-16,2016-07-19,2016-07-20
CNSHA,USA,FIRST_CLASS,2016-07-16,2016-07-18,2016-07-17
CNSHA,USA,FIRST_CLASS,2016-07-17,2016-07-19,2016-07-18
CNSHA,USA,SECOND_CLASS,2016-07-17,2016-07-20,2016-07-19
CNSHA,USA,SECOND_CLASS,2016-07-17,2016-07-21,2016-07-19
CNSHA,USA,STANDARD_CLASS,2016-07-17,2016-07-22,2016-07-21
CNSHA,USA,FIRST_CLASS,2016-07-17,2016-07-19,2016-07-18
CNSHA,USA,SECOND_CLASS,2016-07-17,2016-07-20,2016-07-19
CNSHA,USA,STANDARD_CLASS,2016-07-17,2016-07-21,2016-07-21
CNSHA,USA,STANDARD_CLASS,2016-07-17,2016-07-22,2016-07-21
CNSHA,USA,SECOND_CLASS,2016-07-17,2016-07-22,2016-07-19
CNSHA,USA,STANDARD_CLASS,2016-07-17,2016-07-23,2016-07-21
CNSHA,USA,STANDARD_CLASS,2016-07-17,2016-07-21,2016-07-21
CNSHA,USA,STANDARD_CLASS,2016-07-17,2016-07-22,2016-07-21
CNSHA,USA,STANDARD_CLASS,2016-07-17,2016-07-19,2016-07-21
CNSHA,USA,STANDARD_CLASS,2016-07-17,2016-07-23,2016-07-21
CNSHA,USA,STANDARD_CLASS,2016-07-17,2016-07-21,2016-07-21
CNSHA,USA,STANDARD_CLASS,2016-07-17,2016-07-19,2016-07-21
CNSHA,USA,SECOND_CLASS,2016-07-17,2016-07-20,2016-07-19
CNSHA,USA,SECOND_CLASS,2016-07-17,2016-07-23,2016-07-19
CNSHA,USA,SECOND_CLASS,2016-07-17,2016-07-19,2016-07-19
CNSHA,USA,STANDARD_CLASS,2016-07-17,2016-07-20,2016-07-21
CNSHA,USA,SECOND_CLASS,2016-07-17,2016-07-20,2016-07-19
CNSHA,USA,STANDARD_CLASS,2016-07-17,2016-07-22,2016-07-21
CNSHA,USA,STANDARD_CLASS,2016-07-17,2016-07-20,2016-07-21
CNSHA,USA,STANDARD_CLASS,2016-07-17,2016-07-21,2016-07-21
CNSHA,USA,STANDARD_CLASS,2016-07-17,2016-07-22,2016-07-21
CNSHA,USA,STANDARD_CLASS,2016-07-17,2016-07-20,2016-07-21
CNSHA,USA,SECOND_CLASS,2016-07-17,2016-07-23,2016-07-19
CNSHA,USA,STANDARD_CLASS,2016-07-17,2016-07-21,2016-07-21
CNSHA,USA,SECOND_CLASS,2016-07-17,2016-07-22,2016-07-19
CNSHA,USA,STANDARD_CLASS,2016-07-17,2016-07-23,2016-07-21
CNSHA,USA,SECOND_CLASS,2016-07-17,2016-07-20,2016-07-19
CNSHA,USA,FIRST_CLASS,2016-07-17,2016-07-19,2016-07-18
CNSHA,USA,STANDARD_CLASS,2016-07-17,2016-07-21,2016-07-21
CNSHA,USA,STANDARD_CLASS,2016-07-17,2016-07-23,2016-07-21
CNSHA,USA,STANDARD_CLASS,2016-07-17,2016-07-20,2016-07-21
CNSHA,USA,STANDARD_CLASS,2016-07-17,2016-07-20,2016-07-21
CNSHA,USA,STANDARD_CLASS,2016-07-17,2016-07-20,2016-07-21
CNSHA,USA,FIRST_CLASS,2016-07-17,2016-07-19,2016-07-18
CNSHA,USA,STANDARD_CLASS,2016-07-17,2016-07-20,2016-07-21
CNSHA,USA,STANDARD_CLASS,2016-07-17,2016-07-19,2016-07-21
CNSHA,USA,FIRST_CLASS,2016-07-17,2016-07-19,2016-07-18
CNSHA,USA,STANDARD_CLASS,2016-07-17,2016-07-20,2016-07-21
CNSHA,USA,STANDARD_CLASS,2016-07-17,2016-07-23,2016-07-21
CNSHA,USA,STANDARD_CLASS,2016-07-17,2016-07-20,2016-07-21
CNSHA,USA,STANDARD_CLASS,2016-07-17,2016-07-23,2016-07-21
CNSHA,USA,SAME_DAY,2016-07-18,2016-07-19,2016-07-18
CNSHA,USA,STANDARD_CLASS,2016-07-18,2016-07-23,2016-07-22
CNSHA,USA,STANDARD_CLASS,2016-07-18,2016-07-20,2016-07-22
CNSHA,USA,SECOND_CLASS,2016-07-18,2016-07-21,2016-07-20
CNSHA,USA,STANDARD_CLASS,2016-07-18,2016-07-24,2016-07-22
CNSHA,USA,STANDARD_CLASS,2016-07-18,2016-07-23,2016-07-22
CNSHA,USA,SECOND_CLASS,2016-07-18,2016-07-22,2016-07-20
CNSHA,USA,FIRST_CLASS,2016-07-18,2016-07-20,2016-07-19
CNSHA,USA,FIRST_CLASS,2016-07-18,2016-07-20,2016-07-19
CNSHA,USA,STANDARD_CLASS,2016-07-18,2016-07-22,2016-07-22
CNSHA,USA,FIRST_CLASS,2016-07-18,2016-07-20,2016-07-19
CNSHA,USA,STANDARD_CLASS,2016-07-18,2016-07-21,2016-07-22
CNSHA,USA,FIRST_CLASS,2016-07-18,2016-07-20,2016-07-19
CNSHA,USA,SECOND_CLASS,2016-07-18,2016-07-23,2016-07-20
CNSHA,USA,SECOND_CLASS,2016-07-18,2016-07-24,2016-07-20
CNSHA,USA,STANDARD_CLASS,2016-07-18,2016-07-22,2016-07-22
CNSHA,USA,STANDARD_CLASS,2016-07-18,2016-07-20,2016-07-22
CNSHA,USA,STANDARD_CLASS,2016-07-18,2016-07-24,2016-07-22
CNSHA,USA,STANDARD_CLASS,2016-07-18,2016-07-22,2016-07-22
CNSHA,USA,STANDARD_CLASS,2016-07-18,2016-07-22,2016-07-22
CNSHA,USA,SECOND_CLASS,2016-07-18,2016-07-23,2016-07-20
CNSHA,USA,STANDARD_CLASS,2016-07-18,2016-07-23,2016-07-22
CNSHA,USA,STANDARD_CLASS,2016-07-18,2016-07-22,2016-07-22
CNSHA,USA,FIRST_CLASS,2016-07-18,2016-07-20,2016-07-19
CNSHA,USA,STANDARD_CLASS,2016-07-18,2016-07-21,2016-07-22
CNSHA,USA,FIRST_CLASS,2016-07-18,2016-07-20,2016-07-19
CNSHA,USA,SECOND_CLASS,2016-07-18,2016-07-23,2016-07-20
CNSHA,USA,STANDARD_CLASS,2016-07-19,2016-07-24,2016-07-23
CNSHA,USA,STANDARD_CLASS,2016-07-19,2016-07-25,2016-07-23
CNSHA,USA,STANDARD_CLASS,2016-07-19,2016-07-22,2016-07-23
CNSHA,USA,STANDARD_CLASS,2016-07-19,2016-07-24,2016-07-23
CNSHA,USA,STANDARD_CLASS,2016-07-19,2016-07-23,2016-07-23
CNSHA,USA,STANDARD_CLASS,2016-07-19,2016-07-25,2016-07-23
CNSHA,USA,STANDARD_CLASS,2016-07-19,2016-07-25,2016-07-23
CNSHA,USA,STANDARD_CLASS,2016-07-19,2016-07-21,2016-07-23
CNSHA,USA,STANDARD_CLASS,2016-07-19,2016-07-25,2016-07-23
CNSHA,USA,SECOND_CLASS,2016-07-19,2016-07-23,2016-07-21
CNSHA,USA,SECOND_CLASS,2016-07-19,2016-07-22,2016-07-21
CNSHA,USA,SECOND_CLASS,2016-07-19,2016-07-21,2016-07-21
CNSHA,USA,FIRST_CLASS,2016-07-19,2016-07-21,2016-07-20
CNSHA,USA,SECOND_CLASS,2016-07-19,2016-07-25,2016-07-21
CNSHA,USA,SECOND_CLASS,2016-07-19,2016-07-22,2016-07-21
CNSHA,USA,FIRST_CLASS,2016-07-19,2016-07-21,2016-07-20
CNSHA,USA,STANDARD_CLASS,2016-07-19,2016-07-24,2016-07-23
CNSHA,USA,SECOND_CLASS,2016-07-19,2016-07-21,2016-07-21
CNSHA,USA,STANDARD_CLASS,2016-07-19,2016-07-23,2016-07-23
CNSHA,USA,SECOND_CLASS,2016-07-19,2016-07-22,2016-07-21
CNSHA,USA,FIRST_CLASS,2016-07-19,2016-07-21,2016-07-20
CNSHA,USA,STANDARD_CLASS,2016-07-19,2016-07-24,2016-07-23
CNSHA,USA,STANDARD_CLASS,2016-07-19,2016-07-23,2016-07-23
CNSHA,USA,STANDARD_CLASS,2016-07-19,2016-07-25,2016-07-23
CNSHA,USA,STANDARD_CLASS,2016-07-19,2016-07-22,2016-07-23
CNSHA,USA,STANDARD_CLASS,2016-07-19,2016-07-25,2016-07-23
CNSHA,USA,FIRST_CLASS,2016-07-19,2016-07-21,2016-07-20
CNSHA,USA,FIRST_CLASS,2016-07-19,2016-07-21,2016-07-20
CNSHA,USA,STANDARD_CLASS,2016-07-19,2016-07-22,2016-07-23
CNSHA,USA,SECOND_CLASS,2016-07-20,2016-07-23,2016-07-22
CNSHA,USA,STANDARD_CLASS,2016-07-20,2016-07-23,2016-07-24
CNSHA,USA,STANDARD_CLASS,2016-07-20,2016-07-22,2016-07-24
CNSHA,USA,STANDARD_CLASS,2016-07-20,2016-07-25,2016-07-24
CNSHA,USA,STANDARD_CLASS,2016-07-20,2016-07-25,2016-07-24
CNSHA,USA,STANDARD_CLASS,2016-07-20,2016-07-26,2016-07-24
CNSHA,USA,STANDARD_CLASS,2016-07-20,2016-07-26,2016-07-24
CNSHA,USA,SECOND_CLASS,2016-07-20,2016-07-23,2016-07-22
CNSHA,USA,SAME_DAY,2016-07-20,2016-07-20,2016-07-20
CNSHA,USA,SECOND_CLASS,2016-07-20,2016-07-26,2016-07-22
CNSHA,USA,STANDARD_CLASS,2016-07-20,2016-07-22,2016-07-24
CNSHA,USA,FIRST_CLASS,2016-07-20,2016-07-22,2016-07-21
CNSHA,USA,STANDARD_CLASS,2016-07-20,2016-07-26,2016-07-24
CNSHA,USA,STANDARD_CLASS,2016-07-20,2016-07-24,2016-07-24
CNSHA,USA,STANDARD_CLASS,2016-07-20,2016-07-26,2016-07-24
CNSHA,USA,STANDARD_CLASS,2016-07-20,2016-07-25,2016-07-24
CNSHA,USA,STANDARD_CLASS,2016-07-20,2016-07-26,2016-07-24
CNSHA,USA,STANDARD_CLASS,2016-07-20,2016-07-24,2016-07-24
CNSHA,USA,STANDARD_CLASS,2016-07-20,2016-07-26,2016-07-24
CNSHA,USA,STANDARD_CLASS,2016-07-20,2016-07-24,2016-07-24
CNSHA,USA,STANDARD_CLASS,2016-07-20,2016-07-26,2016-07-24
CNSHA,USA,STANDARD_CLASS,2016-07-21,2016-07-23,2016-07-25
CNSHA,USA,STANDARD_CLASS,2016-07-21,2016-07-25,2016-07-25
CNSHA,USA,STANDARD_CLASS,2016-07-21,2016-07-25,2016-07-25
CNSHA,USA,SECOND_CLASS,2016-07-21,2016-07-26,2016-07-23
CNSHA,USA,STANDARD_CLASS,2016-07-21,2016-07-23,2016-07-25
CNSHA,USA,STANDARD_CLASS,2016-07-21,2016-07-27,2016-07-25
CNSHA,USA,FIRST_CLASS,2016-07-21,2016-07-23,2016-07-22
CNSHA,USA,FIRST_CLASS,2016-07-21,2016-07-23,2016-07-22
CNSHA,USA,SECOND_CLASS,2016-07-21,2016-07-24,2016-07-23
CNSHA,USA,STANDARD_CLASS,2016-07-21,2016-07-26,2016-07-25
CNSHA,USA,STANDARD_CLASS,2016-07-21,2016-07-26,2016-07-25
CNSHA,USA,STANDARD_CLASS,2016-07-21,2016-07-27,2016-07-25
CNSHA,USA,STANDARD_CLASS,2016-07-21,2016-07-27,2016-07-25
CNSHA,USA,STANDARD_CLASS,2016-07-21,2016-07-24,2016-07-25
CNSHA,USA,STANDARD_CLASS,2016-07-21,2016-07-25,2016-07-25
CNSHA,USA,SECOND_CLASS,2016-07-21,2016-07-24,2016-07-23
CNSHA,USA,STANDARD_CLASS,2016-07-21,2016-07-23,2016-07-25
CNSHA,USA,STANDARD_CLASS,2016-07-21,2016-07-25,2016-07-25
CNSHA,USA,STANDARD_CLASS,2016-07-21,2016-07-24,2016-07-25
CNSHA,USA,STANDARD_CLASS,2016-07-21,2016-07-24,2016-07-25
CNSHA,USA,STANDARD_CLASS,2016-07-21,2016-07-23,2016-07-25
CNSHA,USA,STANDARD_CLASS,2016-07-21,2016-07-26,2016-07-25
CNSHA,USA,FIRST_CLASS,2016-07-21,2016-07-23,2016-07-22
CNSHA,USA,FIRST_CLASS,2016-07-21,2016-07-23,2016-07-22
CNSHA,USA,STANDARD_CLASS,2016-07-21,2016-07-23,2016-07-25
CNSHA,USA,STANDARD_CLASS,2016-07-22,2016-07-25,2016-07-26
CNSHA,USA,SECOND_CLASS,2016-07-22,2016-07-24,2016-07-24
CNSHA,USA,FIRST_CLASS,2016-07-22,2016-07-24,2016-07-23
CNSHA,USA,STANDARD_CLASS,2016-07-22,2016-07-25,2016-07-26
CNSHA,USA,STANDARD_CLASS,2016-07-22,2016-07-24,2016-07-26
CNSHA,USA,SAME_DAY,2016-07-22,2016-07-23,2016-07-22
CNSHA,USA,STANDARD_CLASS,2016-07-22,2016-07-28,2016-07-26
CNSHA,USA,STANDARD_CLASS,2016-07-22,2016-07-26,2016-07-26
CNSHA,USA,FIRST_CLASS,2016-07-22,2016-07-24,2016-07-23
CNSHA,USA,SECOND_CLASS,2016-07-22,2016-07-27,2016-07-24
CNSHA,USA,FIRST_CLASS,2016-07-22,2016-07-24,2016-07-23
CNSHA,USA,SECOND_CLASS,2016-07-22,2016-07-27,2016-07-24
CNSHA,USA,STANDARD_CLASS,2016-07-22,2016-07-24,2016-07-26
CNSHA,USA,FIRST_CLASS,2016-07-22,2016-07-24,2016-07-23
CNSHA,USA,SECOND_CLASS,2016-07-22,2016-07-25,2016-07-24
CNSHA,USA,STANDARD_CLASS,2016-07-22,2016-07-25,2016-07-26
CNSHA,USA,STANDARD_CLASS,2016-07-22,2016-07-27,2016-07-26
CNSHA,USA,SECOND_CLASS,2016-07-22,2016-07-24,2016-07-24
CNSHA,USA,STANDARD_CLASS,2016-07-22,2016-07-27,2016-07-26
CNSHA,USA,STANDARD_CLASS,2016-07-22,2016-07-26,2016-07-26
CNSHA,USA,STANDARD_CLASS,2016-07-22,2016-07-24,2016-07-26
CNSHA,USA,STANDARD_CLASS,2016-07-22,2016-07-27,2016-07-26
CNSHA,USA,STANDARD_CLASS,2016-07-22,2016-07-27,2016-07-26
CNSHA,USA,STANDARD_CLASS,2016-07-22,2016-07-24,2016-07-26
CNSHA,USA,STANDARD_CLASS,2016-07-22,2016-07-27,2016-07-26
CNSHA,USA,STANDARD_CLASS,2016-07-22,2016-07-24,2016-07-26
CNSHA,USA,STANDARD_CLASS,2016-07-22,2016-07-26,2016-07-26
CNSHA,USA,FIRST_CLASS,2016-07-22,2016-07-24,2016-07-23
CNSHA,USA,STANDARD_CLASS,2016-07-22,2016-07-28,2016-07-26
CNSHA,USA,STANDARD_CLASS,2016-07-22,2016-07-27,2016-07-26
CNSHA,USA,SECOND_CLASS,2016-07-22,2016-07-24,2016-07-24
CNSHA,USA,STANDARD_CLASS,2016-07-22,2016-07-25,2016-07-26
CNSHA,USA,STANDARD_CLASS,2016-07-22,2016-07-25,2016-07-26
CNSHA,USA,STANDARD_CLASS,2016-07-22,2016-07-27,2016-07-26
CNSHA,USA,SAME_DAY,2016-07-23,2016-07-23,2016-07-23
CNSHA,USA,STANDARD_CLASS,2016-07-23,2016-07-25,2016-07-27
CNSHA,USA,STANDARD_CLASS,2016-07-23,2016-07-28,2016-07-27
CNSHA,USA,STANDARD_CLASS,2016-07-23,2016-07-29,2016-07-27
CNSHA,USA,SECOND_CLASS,2016-07-23,2016-07-28,2016-07-25
CNSHA,USA,SAME_DAY,2016-07-23,2016-07-23,2016-07-23
CNSHA,USA,STANDARD_CLASS,2016-07-23,2016-07-26,2016-07-27
CNSHA,USA,SECOND_CLASS,2016-07-23,2016-07-29,2016-07-25
CNSHA,USA,SECOND_CLASS,2016-07-23,2016-07-28,2016-07-25
CNSHA,USA,STANDARD_CLASS,2016-07-23,2016-07-27,2016-07-27
CNSHA,USA,SAME_DAY,2016-07-23,2016-07-24,2016-07-23
CNSHA,USA,STANDARD_CLASS,2016-07-23,2016-07-27,2016-07-27
CNSHA,USA,STANDARD_CLASS,2016-07-23,2016-07-27,2016-07-27
CNSHA,USA,STANDARD_CLASS,2016-07-23,2016-07-28,2016-07-27
CNSHA,USA,STANDARD_CLASS,2016-07-23,2016-07-28,2016-07-27
CNSHA,USA,STANDARD_CLASS,2016-07-23,2016-07-25,2016-07-27
CNSHA,USA,STANDARD_CLASS,2016-07-23,2016-07-27,2016-07-27
CNSHA,USA,STANDARD_CLASS,2016-07-23,2016-07-26,2016-07-27
CNSHA,USA,STANDARD_CLASS,2016-07-24,2016-07-30,2016-07-28
CNSHA,USA,STANDARD_CLASS,2016-07-24,2016-07-30,2016-07-28
CNSHA,USA,FIRST_CLASS,2016-07-24,2016-07-26,2016-07-25
CNSHA,USA,SAME_DAY,2016-07-24,2016-07-24,2016-07-24
CNSHA,USA,STANDARD_CLASS,2016-07-24,2016-07-26,2016-07-28
CNSHA,USA,STANDARD_CLASS,2016-07-24,2016-07-27,2016-07-28
CNSHA,USA,STANDARD_CLASS,2016-07-24,2016-07-30,2016-07-28
CNSHA,USA,STANDARD_CLASS,2016-07-24,2016-07-28,2016-07-28
CNSHA,USA,STANDARD_CLASS,2016-07-24,2016-07-30,2016-07-28
CNSHA,USA,SECOND_CLASS,2016-07-24,2016-07-30,2016-07-26
CNSHA,USA,STANDARD_CLASS,2016-07-24,2016-07-29,2016-07-28
CNSHA,USA,SAME_DAY,2016-07-24,2016-07-24,2016-07-24
CNSHA,USA,STANDARD_CLASS,2016-07-24,2016-07-29,2016-07-28
CNSHA,USA,FIRST_CLASS,2016-07-24,2016-07-26,2016-07-25
CNSHA,USA,STANDARD_CLASS,2016-07-24,2016-07-27,2016-07-28
CNSHA,USA,STANDARD_CLASS,2016-07-24,2016-07-27,2016-07-28
CNSHA,USA,SAME_DAY,2016-07-24,2016-07-24,2016-07-24
CNSHA,USA,FIRST_CLASS,2016-07-24,2016-07-26,2016-07-25
CNSHA,USA,FIRST_CLASS,2016-07-24,2016-07-26,2016-07-25
CNSHA,USA,STANDARD_CLASS,2016-07-24,2016-07-30,2016-07-28
CNSHA,USA,FIRST_CLASS,2016-07-24,2016-07-26,2016-07-25
CNSHA,USA,STANDARD_CLASS,2016-07-24,2016-07-26,2016-07-28
CNSHA,USA,STANDARD_CLASS,2016-07-24,2016-07-26,2016-07-28
CNSHA,USA,FIRST_CLASS,2016-07-24,2016-07-26,2016-07-25
CNSHA,USA,STANDARD_CLASS,2016-07-24,2016-07-30,2016-07-28
CNSHA,USA,STANDARD_CLASS,2016-07-24,2016-07-30,2016-07-28
CNSHA,USA,STANDARD_CLASS,2016-07-24,2016-07-30,2016-07-28
CNSHA,USA,STANDARD_CLASS,2016-07-24,2016-07-27,2016-07-28
CNSHA,USA,FIRST_CLASS,2016-07-24,2016-07-26,2016-07-25
CNSHA,USA,SECOND_CLASS,2016-07-25,2016-07-30,2016-07-27
CNSHA,USA,STANDARD_CLASS,2016-07-25,2016-07-28,2016-07-29
CNSHA,USA,SECOND_CLASS,2016-07-25,2016-07-31,2016-07-27
CNSHA,USA,STANDARD_CLASS,2016-07-25,2016-07-28,2016-07-29
CNSHA,USA,FIRST_CLASS,2016-07-25,2016-07-27,2016-07-26
CNSHA,USA,FIRST_CLASS,2016-07-25,2016-07-27,2016-07-26
CNSHA,USA,SAME_DAY,2016-07-25,2016-07-26,2016-07-25
CNSHA,USA,SAME_DAY,2016-07-25,2016-07-26,2016-07-25
CNSHA,USA,SECOND_CLASS,2016-07-25,2016-07-31,2016-07-27
CNSHA,USA,STANDARD_CLASS,2016-07-25,2016-07-31,2016-07-29
CNSHA,USA,FIRST_CLASS,2016-07-25,2016-07-27,2016-07-26
CNSHA,USA,STANDARD_CLASS,2016-07-25,2016-07-27,2016-07-29
CNSHA,USA,STANDARD_CLASS,2016-07-25,2016-07-27,2016-07-29
CNSHA,USA,STANDARD_CLASS,2016-07-25,2016-07-27,2016-07-29
CNSHA,USA,FIRST_CLASS,2016-07-25,2016-07-27,2016-07-26
CNSHA,USA,STANDARD_CLASS,2016-07-25,2016-07-31,2016-07-29
CNSHA,USA,STANDARD_CLASS,2016-07-25,2016-07-28,2016-07-29
CNSHA,USA,STANDARD_CLASS,2016-07-25,2016-07-27,2016-07-29
CNSHA,USA,FIRST_CLASS,2016-07-25,2016-07-27,2016-07-26
CNSHA,USA,FIRST_CLASS,2016-07-25,2016-07-27,2016-07-26
CNSHA,USA,SECOND_CLASS,2016-07-25,2016-07-29,2016-07-27
CNSHA,USA,FIRST_CLASS,2016-07-25,2016-07-27,2016-07-26
CNSHA,USA,FIRST_CLASS,2016-07-25,2016-07-27,2016-07-26
CNSHA,USA,STANDARD_CLASS,2016-07-25,2016-07-31,2016-07-29
CNSHA,USA,FIRST_CLASS,2016-07-25,2016-07-27,2016-07-26
CNSHA,USA,STANDARD_CLASS,2016-07-25,2016-07-31,2016-07-29
CNSHA,USA,STANDARD_CLASS,2016-07-25,2016-07-31,2016-07-29
CNSHA,USA,STANDARD_CLASS,2016-07-25,2016-07-31,2016-07-29
CNSHA,USA,STANDARD_CLASS,2016-07-25,2016-07-27,2016-07-29
CNSHA,USA,STANDARD_CLASS,2016-07-26,2016-08-01,2016-07-30
CNSHA,USA,STANDARD_CLASS,2016-07-26,2016-08-01,2016-07-30
CNSHA,USA,STANDARD_CLASS,2016-07-26,2016-08-01,2016-07-30
CNSHA,USA,STANDARD_CLASS,2016-07-26,2016-07-28,2016-07-30
CNSHA,USA,STANDARD_CLASS,2016-07-26,2016-07-28,2016-07-30
CNSHA,USA,SECOND_CLASS,2016-07-26,2016-07-28,2016-07-28
CNSHA,USA,STANDARD_CLASS,2016-07-26,2016-07-30,2016-07-30
CNSHA,USA,SECOND_CLASS,2016-07-26,2016-07-28,2016-07-28
CNSHA,USA,SECOND_CLASS,2016-07-26,2016-07-31,2016-07-28
CNSHA,USA,STANDARD_CLASS,2016-07-26,2016-07-29,2016-07-30
CNSHA,USA,FIRST_CLASS,2016-07-26,2016-07-28,2016-07-27
CNSHA,USA,SAME_DAY,2016-07-26,2016-07-26,2016-07-26
CNSHA,USA,STANDARD_CLASS,2016-07-26,2016-08-01,2016-07-30
CNSHA,USA,FIRST_CLASS,2016-07-26,2016-07-28,2016-07-27
CNSHA,USA,SAME_DAY,2016-07-26,2016-07-26,2016-07-26
CNSHA,USA,STANDARD_CLASS,2016-07-26,2016-07-29,2016-07-30
CNSHA,USA,STANDARD_CLASS,2016-07-26,2016-07-28,2016-07-30
CNSHA,USA,STANDARD_CLASS,2016-07-26,2016-08-01,2016-07-30
CNSHA,USA,STANDARD_CLASS,2016-07-26,2016-07-30,2016-07-30
CNSHA,USA,STANDARD_CLASS,2016-07-26,2016-07-30,2016-07-30
CNSHA,USA,SAME_DAY,2016-07-26,2016-07-26,2016-07-26
CNSHA,USA,STANDARD_CLASS,2016-07-26,2016-07-30,2016-07-30
CNSHA,USA,STANDARD_CLASS,2016-07-27,2016-07-30,2016-07-31
CNSHA,USA,STANDARD_CLASS,2016-07-27,2016-07-31,2016-07-31
CNSHA,USA,STANDARD_CLASS,2016-07-27,2016-07-29,2016-07-31
CNSHA,USA,STANDARD_CLASS,2016-07-27,2016-08-01,2016-07-31
CNSHA,USA,STANDARD_CLASS,2016-07-27,2016-07-29,2016-07-31
CNSHA,USA,SAME_DAY,2016-07-27,2016-07-27,2016-07-27
CNSHA,USA,FIRST_CLASS,2016-07-27,2016-07-29,2016-07-28
CNSHA,USA,SAME_DAY,2016-07-27,2016-07-27,2016-07-27
CNSHA,USA,STANDARD_CLASS,2016-07-27,2016-08-01,2016-07-31
CNSHA,USA,STANDARD_CLASS,2016-07-27,2016-08-02,2016-07-31
CNSHA,USA,SECOND_CLASS,2016-07-27,2016-08-02,2016-07-29
CNSHA,USA,STANDARD_CLASS,2016-07-27,2016-07-30,2016-07-31
CNSHA,USA,STANDARD_CLASS,2016-07-27,2016-07-30,2016-07-31
CNSHA,USA,STANDARD_CLASS,2016-07-27,2016-08-02,2016-07-31
CNSHA,USA,STANDARD_CLASS,2016-07-27,2016-07-31,2016-07-31
CNSHA,USA,SECOND_CLASS,2016-07-27,2016-07-31,2016-07-29
CNSHA,USA,FIRST_CLASS,2016-07-27,2016-07-29,2016-07-28
CNSHA,USA,SAME_DAY,2016-07-27,2016-07-27,2016-07-27
CNSHA,USA,STANDARD_CLASS,2016-07-27,2016-07-31,2016-07-31
CNSHA,USA,STANDARD_CLASS,2016-07-27,2016-08-01,2016-07-31
CNSHA,USA,STANDARD_CLASS,2016-07-27,2016-08-02,2016-07-31
CNSHA,USA,STANDARD_CLASS,2016-07-27,2016-07-30,2016-07-31
CNSHA,USA,STANDARD_CLASS,2016-07-27,2016-08-01,2016-07-31
CNSHA,USA,SECOND_CLASS,2016-07-27,2016-08-01,2016-07-29
CNSHA,USA,STANDARD_CLASS,2016-07-27,2016-08-02,2016-07-31
CNSHA,USA,STANDARD_CLASS,2016-07-27,2016-07-31,2016-07-31
CNSHA,USA,STANDARD_CLASS,2016-07-28,2016-08-03,2016-08-01
CNSHA,USA,STANDARD_CLASS,2016-07-28,2016-07-30,2016-08-01
CNSHA,USA,FIRST_CLASS,2016-07-28,2016-07-30,2016-07-29
CNSHA,USA,STANDARD_CLASS,2016-07-28,2016-08-03,2016-08-01
CNSHA,USA,SECOND_CLASS,2016-07-28,2016-08-01,2016-07-30
CNSHA,USA,STANDARD_CLASS,2016-07-28,2016-08-02,2016-08-01
CNSHA,USA,SAME_DAY,2016-07-28,2016-07-29,2016-07-28
CNSHA,USA,STANDARD_CLASS,2016-07-28,2016-07-30,2016-08-01
CNSHA,USA,STANDARD_CLASS,2016-07-28,2016-07-30,2016-08-01
CNSHA,USA,STANDARD_CLASS,2016-07-28,2016-08-03,2016-08-01
CNSHA,USA,STANDARD_CLASS,2016-07-28,2016-08-02,2016-08-01
CNSHA,USA,SAME_DAY,2016-07-28,2016-07-29,2016-07-28
CNSHA,USA,STANDARD_CLASS,2016-07-28,2016-07-30,2016-08-01
CNSHA,USA,STANDARD_CLASS,2016-07-28,2016-08-01,2016-08-01
CNSHA,USA,STANDARD_CLASS,2016-07-28,2016-08-01,2016-08-01
CNSHA,USA,STANDARD_CLASS,2016-07-28,2016-08-01,2016-08-01
CNSHA,USA,STANDARD_CLASS,2016-07-28,2016-08-02,2016-08-01
CNSHA,USA,FIRST_CLASS,2016-07-28,2016-07-30,2016-07-29
CNSHA,USA,STANDARD_CLASS,2016-07-28,2016-08-02,2016-08-01
CNSHA,USA,FIRST_CLASS,2016-07-28,2016-07-30,2016-07-29
CNSHA,USA,STANDARD_CLASS,2016-07-28,2016-07-30,2016-08-01
CNSHA,USA,FIRST_CLASS,2016-07-28,2016-07-30,2016-07-29
CNSHA,USA,STANDARD_CLASS,2016-07-28,2016-08-03,2016-08-01
CNSHA,USA,STANDARD_CLASS,2016-07-28,2016-08-01,2016-08-01
CNSHA,USA,STANDARD_CLASS,2016-07-28,2016-08-03,2016-08-01
CNSHA,USA,STANDARD_CLASS,2016-07-28,2016-08-03,2016-08-01
CNSHA,USA,STANDARD_CLASS,2016-07-28,2016-08-02,2016-08-01
CNSHA,USA,SECOND_CLASS,2016-07-28,2016-07-31,2016-07-30
CNSHA,USA,SECOND_CLASS,2016-07-29,2016-08-01,2016-07-31
CNSHA,USA,SECOND_CLASS,2016-07-29,2016-07-31,2016-07-31
CNSHA,USA,FIRST_CLASS,2016-07-29,2016-07-31,2016-07-30
CNSHA,USA,SAME_DAY,2016-07-29,2016-07-30,2016-07-29
CNSHA,USA,STANDARD_CLASS,2016-07-29,2016-07-31,2016-08-02
CNSHA,USA,FIRST_CLASS,2016-07-29,2016-07-31,2016-07-30
CNSHA,USA,STANDARD_CLASS,2016-07-29,2016-08-02,2016-08-02
CNSHA,USA,FIRST_CLASS,2016-07-29,2016-07-31,2016-07-30
CNSHA,USA,FIRST_CLASS,2016-07-29,2016-07-31,2016-07-30
CNSHA,USA,SECOND_CLASS,2016-07-29,2016-08-02,2016-07-31
CNSHA,USA,STANDARD_CLASS,2016-07-29,2016-08-04,2016-08-02
CNSHA,USA,FIRST_CLASS,2016-07-29,2016-07-31,2016-07-30
CNSHA,USA,FIRST_CLASS,2016-07-29,2016-07-31,2016-07-30
CNSHA,USA,SECOND_CLASS,2016-07-29,2016-08-01,2016-07-31
CNSHA,USA,SECOND_CLASS,2016-07-29,2016-08-03,2016-07-31
CNSHA,USA,FIRST_CLASS,2016-07-29,2016-07-31,2016-07-30
CNSHA,USA,STANDARD_CLASS,2016-07-29,2016-08-04,2016-08-02
CNSHA,USA,STANDARD_CLASS,2016-07-29,2016-08-01,2016-08-02
CNSHA,USA,SECOND_CLASS,2016-07-29,2016-08-04,2016-07-31
CNSHA,USA,STANDARD_CLASS,2016-07-29,2016-07-31,2016-08-02
CNSHA,USA,STANDARD_CLASS,2016-07-29,2016-08-02,2016-08-02
CNSHA,USA,SECOND_CLASS,2016-07-29,2016-08-03,2016-07-31
CNSHA,USA,SECOND_CLASS,2016-07-29,2016-07-31,2016-07-31
CNSHA,USA,FIRST_CLASS,2016-07-29,2016-07-31,2016-07-30
CNSHA,USA,SAME_DAY,2016-07-29,2016-07-30,2016-07-29
CNSHA,USA,STANDARD_CLASS,2016-07-29,2016-08-04,2016-08-02
CNSHA,USA,FIRST_CLASS,2016-07-30,2016-08-01,2016-07-31
CNSHA,USA,SECOND_CLASS,2016-07-30,2016-08-05,2016-08-01
CNSHA,USA,STANDARD_CLASS,2016-07-30,2016-08-04,2016-08-03
CNSHA,USA,STANDARD_CLASS,2016-07-30,2016-08-02,2016-08-03
CNSHA,USA,STANDARD_CLASS,2016-07-30,2016-08-01,2016-08-03
CNSHA,USA,STANDARD_CLASS,2016-07-30,2016-08-01,2016-08-03
CNSHA,USA,SAME_DAY,2016-07-30,2016-07-31,2016-07-30
CNSHA,USA,FIRST_CLASS,2016-07-30,2016-08-01,2016-07-31
CNSHA,USA,STANDARD_CLASS,2016-07-30,2016-08-02,2016-08-03
CNSHA,USA,SECOND_CLASS,2016-07-30,2016-08-01,2016-08-01
CNSHA,USA,STANDARD_CLASS,2016-07-30,2016-08-01,2016-08-03
CNSHA,USA,SECOND_CLASS,2016-07-30,2016-08-01,2016-08-01
CNSHA,USA,SECOND_CLASS,2016-07-30,2016-08-05,2016-08-01
CNSHA,USA,STANDARD_CLASS,2016-07-30,2016-08-04,2016-08-03
CNSHA,USA,STANDARD_CLASS,2016-07-30,2016-08-04,2016-08-03
CNSHA,USA,STANDARD_CLASS,2016-07-30,2016-08-05,2016-08-03
CNSHA,USA,FIRST_CLASS,2016-07-30,2016-08-01,2016-07-31
CNSHA,USA,STANDARD_CLASS,2016-07-30,2016-08-05,2016-08-03
CNSHA,USA,SAME_DAY,2016-07-30,2016-07-31,2016-07-30
CNSHA,USA,FIRST_CLASS,2016-07-30,2016-08-01,2016-07-31
CNSHA,USA,SAME_DAY,2016-07-30,2016-07-31,2016-07-30
CNSHA,USA,STANDARD_CLASS,2016-07-30,2016-08-03,2016-08-03
CNSHA,USA,SECOND_CLASS,2016-07-30,2016-08-04,2016-08-01
CNSHA,USA,SECOND_CLASS,2016-07-30,2016-08-04,2016-08-01
CNSHA,USA,STANDARD_CLASS,2016-07-30,2016-08-04,2016-08-03
CNSHA,USA,SECOND_CLASS,2016-07-30,2016-08-05,2016-08-01
CNSHA,USA,FIRST_CLASS,2016-07-30,2016-08-01,2016-07-31
CNSHA,USA,STANDARD_CLASS,2016-07-30,2016-08-03,2016-08-03
CNSHA,USA,SECOND_CLASS,2016-07-31,2016-08-05,2016-08-02
CNSHA,USA,FIRST_CLASS,2016-07-31,2016-08-02,2016-08-01
CNSHA,USA,SECOND_CLASS,2016-07-31,2016-08-06,2016-08-02
CNSHA,USA,SAME_DAY,2016-07-31,2016-08-01,2016-07-31
CNSHA,USA,FIRST_CLASS,2016-07-31,2016-08-02,2016-08-01
CNSHA,USA,STANDARD_CLASS,2016-07-31,2016-08-04,2016-08-04
CNSHA,USA,SECOND_CLASS,2016-07-31,2016-08-02,2016-08-02
CNSHA,USA,STANDARD_CLASS,2016-07-31,2016-08-05,2016-08-04
CNSHA,USA,FIRST_CLASS,2016-07-31,2016-08-02,2016-08-01
CNSHA,USA,STANDARD_CLASS,2016-07-31,2016-08-04,2016-08-04
CNSHA,USA,SECOND_CLASS,2016-07-31,2016-08-02,2016-08-02
CNSHA,USA,STANDARD_CLASS,2016-07-31,2016-08-03,2016-08-04
CNSHA,USA,SECOND_CLASS,2016-07-31,2016-08-05,2016-08-02
CNSHA,USA,SECOND_CLASS,2016-07-31,2016-08-05,2016-08-02
CNSHA,USA,STANDARD_CLASS,2016-07-31,2016-08-02,2016-08-04
CNSHA,USA,FIRST_CLASS,2016-07-31,2016-08-02,2016-08-01
CNSHA,USA,STANDARD_CLASS,2016-07-31,2016-08-03,2016-08-04
CNSHA,USA,STANDARD_CLASS,2016-07-31,2016-08-04,2016-08-04
CNSHA,USA,FIRST_CLASS,2016-07-31,2016-08-02,2016-08-01
CNSHA,USA,STANDARD_CLASS,2016-07-31,2016-08-06,2016-08-04
CNSHA,USA,SECOND_CLASS,2016-07-31,2016-08-03,2016-08-02
CNSHA,USA,STANDARD_CLASS,2016-07-31,2016-08-05,2016-08-04
CNSHA,USA,SECOND_CLASS,2016-07-31,2016-08-05,2016-08-02
CNSHA,USA,SECOND_CLASS,2016-07-31,2016-08-02,2016-08-02
CNSHA,USA,SECOND_CLASS,2016-07-31,2016-08-06,2016-08-02
CNSHA,USA,SECOND_CLASS,2016-07-31,2016-08-02,2016-08-02
CNSHA,USA,FIRST_CLASS,2016-07-31,2016-08-02,2016-08-01
CNSHA,USA,SECOND_CLASS,2016-07-31,2016-08-06,2016-08-02
CNSHA,USA,SECOND_CLASS,2016-08-01,2016-08-03,2016-08-03
CNSHA,USA,STANDARD_CLASS,2016-08-01,2016-08-06,2016-08-05
CNSHA,USA,STANDARD_CLASS,2016-08-01,2016-08-05,2016-08-05
CNSHA,USA,SECOND_CLASS,2016-08-01,2016-08-06,2016-08-03
CNSHA,USA,SECOND_CLASS,2016-08-01,2016-08-05,2016-08-03
CNSHA,USA,STANDARD_CLASS,2016-08-01,2016-08-07,2016-08-05
CNSHA,USA,STANDARD_CLASS,2016-08-01,2016-08-06,2016-08-05
CNSHA,USA,SECOND_CLASS,2016-08-01,2016-08-05,2016-08-03
CNSHA,USA,STANDARD_CLASS,2016-08-01,2016-08-03,2016-08-05
CNSHA,USA,STANDARD_CLASS,2016-08-01,2016-08-07,2016-08-05
CNSHA,USA,SECOND_CLASS,2016-08-01,2016-08-04,2016-08-03
CNSHA,USA,SECOND_CLASS,2016-08-01,2016-08-05,2016-08-03
CNSHA,USA,SAME_DAY,2016-08-01,2016-08-02,2016-08-01
CNSHA,USA,STANDARD_CLASS,2016-08-01,2016-08-07,2016-08-05
CNSHA,USA,FIRST_CLASS,2016-08-01,2016-08-03,2016-08-02
CNSHA,USA,SECOND_CLASS,2016-08-01,2016-08-07,2016-08-03
CNSHA,USA,STANDARD_CLASS,2016-08-01,2016-08-07,2016-08-05
CNSHA,USA,FIRST_CLASS,2016-08-01,2016-08-03,2016-08-02
CNSHA,USA,STANDARD_CLASS,2016-08-01,2016-08-05,2016-08-05
CNSHA,USA,FIRST_CLASS,2016-08-01,2016-08-03,2016-08-02
CNSHA,USA,STANDARD_CLASS,2016-08-01,2016-08-06,2016-08-05
CNSHA,USA,STANDARD_CLASS,2016-08-01,2016-08-06,2016-08-05
CNSHA,USA,SECOND_CLASS,2016-08-01,2016-08-07,2016-08-03
CNSHA,USA,SECOND_CLASS,2016-08-01,2016-08-07,2016-08-03
CNSHA,USA,STANDARD_CLASS,2016-08-01,2016-08-07,2016-08-05
CNSHA,USA,STANDARD_CLASS,2016-08-01,2016-08-03,2016-08-05
CNSHA,USA,STANDARD_CLASS,2016-08-01,2016-08-06,2016-08-05
CNSHA,USA,SECOND_CLASS,2016-08-01,2016-08-05,2016-08-03
CNSHA,USA,SECOND_CLASS,2016-08-01,2016-08-03,2016-08-03
CNSHA,USA,STANDARD_CLASS,2016-08-02,2016-08-08,2016-08-06
CNSHA,USA,FIRST_CLASS,2016-08-02,2016-08-04,2016-08-03
CNSHA,USA,FIRST_CLASS,2016-08-02,2016-08-04,2016-08-03
CNSHA,USA,FIRST_CLASS,2016-08-02,2016-08-04,2016-08-03
CNSHA,USA,SECOND_CLASS,2016-08-02,2016-08-06,2016-08-04
CNSHA,USA,FIRST_CLASS,2016-08-02,2016-08-04,2016-08-03
CNSHA,USA,STANDARD_CLASS,2016-08-02,2016-08-06,2016-08-06
CNSHA,USA,SECOND_CLASS,2016-08-02,2016-08-08,2016-08-04
CNSHA,USA,FIRST_CLASS,2016-08-02,2016-08-04,2016-08-03
CNSHA,USA,STANDARD_CLASS,2016-08-02,2016-08-08,2016-08-06
CNSHA,USA,SECOND_CLASS,2016-08-02,2016-08-05,2016-08-04
CNSHA,USA,STANDARD_CLASS,2016-08-02,2016-08-08,2016-08-06
CNSHA,USA,FIRST_CLASS,2016-08-02,2016-08-04,2016-08-03
CNSHA,USA,STANDARD_CLASS,2016-08-02,2016-08-06,2016-08-06
CNSHA,USA,FIRST_CLASS,2016-08-02,2016-08-04,2016-08-03
CNSHA,USA,FIRST_CLASS,2016-08-02,2016-08-04,2016-08-03
CNSHA,USA,STANDARD_CLASS,2016-08-02,2016-08-04,2016-08-06
CNSHA,USA,SECOND_CLASS,2016-08-02,2016-08-04,2016-08-04
CNSHA,USA,STANDARD_CLASS,2016-08-02,2016-08-08,2016-08-06
CNSHA,USA,STANDARD_CLASS,2016-08-02,2016-08-04,2016-08-06
CNSHA,USA,STANDARD_CLASS,2016-08-03,2016-08-05,2016-08-07
CNSHA,USA,STANDARD_CLASS,2016-08-03,2016-08-06,2016-08-07
CNSHA,USA,STANDARD_CLASS,2016-08-03,2016-08-07,2016-08-07
CNSHA,USA,STANDARD_CLASS,2016-08-03,2016-08-07,2016-08-07
CNSHA,USA,STANDARD_CLASS,2016-08-03,2016-08-05,2016-08-07
CNSHA,USA,STANDARD_CLASS,2016-08-03,2016-08-08,2016-08-07
CNSHA,USA,FIRST_CLASS,2016-08-03,2016-08-05,2016-08-04
CNSHA,USA,FIRST_CLASS,2016-08-03,2016-08-05,2016-08-04
CNSHA,USA,STANDARD_CLASS,2016-08-03,2016-08-08,2016-08-07
CNSHA,USA,FIRST_CLASS,2016-08-03,2016-08-05,2016-08-04
CNSHA,USA,STANDARD_CLASS,2016-08-03,2016-08-07,2016-08-07
CNSHA,USA,SECOND_CLASS,2016-08-03,2016-08-05,2016-08-05
CNSHA,USA,FIRST_CLASS,2016-08-03,2016-08-05,2016-08-04
CNSHA,USA,STANDARD_CLASS,2016-08-03,2016-08-07,2016-08-07
CNSHA,USA,STANDARD_CLASS,2016-08-03,2016-08-07,2016-08-07
CNSHA,USA,STANDARD_CLASS,2016-08-03,2016-08-08,2016-08-07
CNSHA,USA,FIRST_CLASS,2016-08-03,2016-08-05,2016-08-04
CNSHA,USA,STANDARD_CLASS,2016-08-03,2016-08-08,2016-08-07
CNSHA,USA,STANDARD_CLASS,2016-08-03,2016-08-08,2016-08-07
CNSHA,USA,STANDARD_CLASS,2016-08-03,2016-08-06,2016-08-07
CNSHA,USA,STANDARD_CLASS,2016-08-03,2016-08-07,2016-08-07
CNSHA,USA,SECOND_CLASS,2016-08-03,2016-08-05,2016-08-05
CNSHA,USA,FIRST_CLASS,2016-08-03,2016-08-05,2016-08-04
CNSHA,USA,FIRST_CLASS,2016-08-03,2016-08-05,2016-08-04
CNSHA,USA,FIRST_CLASS,2016-08-03,2016-08-05,2016-08-04
CNSHA,USA,STANDARD_CLASS,2016-08-03,2016-08-07,2016-08-07
CNSHA,USA,FIRST_CLASS,2016-08-03,2016-08-05,2016-08-04
CNSHA,USA,FIRST_CLASS,2016-08-03,2016-08-05,2016-08-04
CNSHA,USA,FIRST_CLASS,2016-08-03,2016-08-05,2016-08-04
CNSHA,USA,FIRST_CLASS,2016-08-03,2016-08-05,2016-08-04
CNSHA,USA,STANDARD_CLASS,2016-08-03,2016-08-07,2016-08-07
CNSHA,USA,STANDARD_CLASS,2016-08-03,2016-08-07,2016-08-07
CNSHA,USA,FIRST_CLASS,2016-08-03,2016-08-05,2016-08-04
CNSHA,USA,STANDARD_CLASS,2016-08-03,2016-08-08,2016-08-07
CNSHA,USA,FIRST_CLASS,2016-08-03,2016-08-05,2016-08-04
CNSHA,USA,STANDARD_CLASS,2016-08-03,2016-08-07,2016-08-07
CNSHA,USA,STANDARD_CLASS,2016-08-04,2016-08-08,2016-08-08
CNSHA,USA,STANDARD_CLASS,2016-08-04,2016-08-07,2016-08-08
CNSHA,USA,STANDARD_CLASS,2016-08-04,2016-08-09,2016-08-08
CNSHA,USA,FIRST_CLASS,2016-08-04,2016-08-06,2016-08-05
CNSHA,USA,FIRST_CLASS,2016-08-04,2016-08-06,2016-08-05
CNSHA,USA,STANDARD_CLASS,2016-08-04,2016-08-07,2016-08-08
CNSHA,USA,FIRST_CLASS,2016-08-04,2016-08-06,2016-08-05
CNSHA,USA,STANDARD_CLASS,2016-08-04,2016-08-07,2016-08-08
CNSHA,USA,STANDARD_CLASS,2016-08-04,2016-08-08,2016-08-08
CNSHA,USA,STANDARD_CLASS,2016-08-04,2016-08-08,2016-08-08
CNSHA,USA,STANDARD_CLASS,2016-08-04,2016-08-08,2016-08-08
CNSHA,USA,STANDARD_CLASS,2016-08-04,2016-08-10,2016-08-08
CNSHA,USA,STANDARD_CLASS,2016-08-04,2016-08-08,2016-08-08
CNSHA,USA,FIRST_CLASS,2016-08-04,2016-08-06,2016-08-05
CNSHA,USA,STANDARD_CLASS,2016-08-04,2016-08-08,2016-08-08
CNSHA,USA,STANDARD_CLASS,2016-08-04,2016-08-06,2016-08-08
CNSHA,USA,FIRST_CLASS,2016-08-04,2016-08-06,2016-08-05
CNSHA,USA,STANDARD_CLASS,2016-08-04,2016-08-07,2016-08-08
CNSHA,USA,FIRST_CLASS,2016-08-04,2016-08-06,2016-08-05
CNSHA,USA,FIRST_CLASS,2016-08-04,2016-08-06,2016-08-05
CNSHA,USA,STANDARD_CLASS,2016-08-04,2016-08-10,2016-08-08
CNSHA,USA,STANDARD_CLASS,2016-08-04,2016-08-10,2016-08-08
CNSHA,USA,SECOND_CLASS,2016-08-04,2016-08-06,2016-08-06
CNSHA,USA,STANDARD_CLASS,2016-08-04,2016-08-09,2016-08-08
CNSHA,USA,FIRST_CLASS,2016-08-04,2016-08-06,2016-08-05
CNSHA,USA,STANDARD_CLASS,2016-08-04,2016-08-07,2016-08-08
CNSHA,USA,STANDARD_CLASS,2016-08-04,2016-08-09,2016-08-08
CNSHA,USA,STANDARD_CLASS,2016-08-04,2016-08-06,2016-08-08
CNSHA,USA,STANDARD_CLASS,2016-08-04,2016-08-09,2016-08-08
CNSHA,USA,STANDARD_CLASS,2016-08-04,2016-08-09,2016-08-08
CNSHA,USA,SAME_DAY,2016-08-05,2016-08-06,2016-08-05
CNSHA,USA,FIRST_CLASS,2016-08-05,2016-08-07,2016-08-06
CNSHA,USA,STANDARD_CLASS,2016-08-05,2016-08-08,2016-08-09
CNSHA,USA,STANDARD_CLASS,2016-08-05,2016-08-08,2016-08-09
CNSHA,USA,FIRST_CLASS,2016-08-05,2016-08-07,2016-08-06
CNSHA,USA,FIRST_CLASS,2016-08-05,2016-08-07,2016-08-06
CNSHA,USA,STANDARD_CLASS,2016-08-05,2016-08-07,2016-08-09
CNSHA,USA,STANDARD_CLASS,2016-08-05,2016-08-07,2016-08-09
CNSHA,USA,STANDARD_CLASS,2016-08-05,2016-08-08,2016-08-09
CNSHA,USA,STANDARD_CLASS,2016-08-05,2016-08-10,2016-08-09
CNSHA,USA,STANDARD_CLASS,2016-08-05,2016-08-11,2016-08-09
CNSHA,USA,FIRST_CLASS,2016-08-05,2016-08-07,2016-08-06
CNSHA,USA,STANDARD_CLASS,2016-08-05,2016-08-07,2016-08-09
CNSHA,USA,STANDARD_CLASS,2016-08-05,2016-08-11,2016-08-09
CNSHA,USA,FIRST_CLASS,2016-08-05,2016-08-07,2016-08-06
CNSHA,USA,FIRST_CLASS,2016-08-05,2016-08-07,2016-08-06
CNSHA,USA,STANDARD_CLASS,2016-08-05,2016-08-09,2016-08-09
CNSHA,USA,STANDARD_CLASS,2016-08-05,2016-08-10,2016-08-09
CNSHA,USA,SECOND_CLASS,2016-08-05,2016-08-09,2016-08-07
CNSHA,USA,SAME_DAY,2016-08-05,2016-08-06,2016-08-05
CNSHA,USA,SECOND_CLASS,2016-08-05,2016-08-09,2016-08-07
CNSHA,USA,SAME_DAY,2016-08-05,2016-08-06,2016-08-05
CNSHA,USA,STANDARD_CLASS,2016-08-05,2016-08-10,2016-08-09
CNSHA,USA,SAME_DAY,2016-08-05,2016-08-06,2016-08-05
CNSHA,USA,STANDARD_CLASS,2016-08-05,2016-08-10,2016-08-09
CNSHA,USA,STANDARD_CLASS,2016-08-05,2016-08-07,2016-08-09
CNSHA,USA,SECOND_CLASS,2016-08-05,2016-08-09,2016-08-07
CNSHA,USA,STANDARD_CLASS,2016-08-05,2016-08-09,2016-08-09
CNSHA,USA,FIRST_CLASS,2016-08-05,2016-08-07,2016-08-06
CNSHA,USA,STANDARD_CLASS,2016-08-05,2016-08-09,2016-08-09
CNSHA,USA,STANDARD_CLASS,2016-08-06,2016-08-12,2016-08-10
CNSHA,USA,STANDARD_CLASS,2016-08-06,2016-08-12,2016-08-10
CNSHA,USA,FIRST_CLASS,2016-08-06,2016-08-08,2016-08-07
CNSHA,USA,STANDARD_CLASS,2016-08-06,2016-08-12,2016-08-10
CNSHA,USA,STANDARD_CLASS,2016-08-06,2016-08-08,2016-08-10
CNSHA,USA,FIRST_CLASS,2016-08-06,2016-08-08,2016-08-07
CNSHA,USA,STANDARD_CLASS,2016-08-06,2016-08-10,2016-08-10
CNSHA,USA,FIRST_CLASS,2016-08-06,2016-08-08,2016-08-07
CNSHA,USA,FIRST_CLASS,2016-08-06,2016-08-08,2016-08-07
CNSHA,USA,SECOND_CLASS,2016-08-06,2016-08-12,2016-08-08
CNSHA,USA,STANDARD_CLASS,2016-08-06,2016-08-10,2016-08-10
CNSHA,USA,STANDARD_CLASS,2016-08-06,2016-08-08,2016-08-10
CNSHA,USA,STANDARD_CLASS,2016-08-06,2016-08-10,2016-08-10
CNSHA,USA,SECOND_CLASS,2016-08-06,2016-08-12,2016-08-08
CNSHA,USA,FIRST_CLASS,2016-08-06,2016-08-08,2016-08-07
CNSHA,USA,STANDARD_CLASS,2016-08-06,2016-08-08,2016-08-10
CNSHA,USA,STANDARD_CLASS,2016-08-06,2016-08-12,2016-08-10
CNSHA,USA,STANDARD_CLASS,2016-08-06,2016-08-11,2016-08-10
CNSHA,USA,STANDARD_CLASS,2016-08-06,2016-08-09,2016-08-10
CNSHA,USA,SECOND_CLASS,2016-08-06,2016-08-11,2016-08-08
CNSHA,USA,SECOND_CLASS,2016-08-06,2016-08-09,2016-08-08
CNSHA,USA,STANDARD_CLASS,2016-08-06,2016-08-09,2016-08-10
CNSHA,USA,STANDARD_CLASS,2016-08-06,2016-08-12,2016-08-10
CNSHA,USA,STANDARD_CLASS,2016-08-06,2016-08-09,2016-08-10
CNSHA,USA,STANDARD_CLASS,2016-08-07,2016-08-13,2016-08-11
CNSHA,USA,STANDARD_CLASS,2016-08-07,2016-08-11,2016-08-11
CNSHA,USA,STANDARD_CLASS,2016-08-07,2016-08-13,2016-08-11
CNSHA,USA,SECOND_CLASS,2016-08-07,2016-08-11,2016-08-09
CNSHA,USA,FIRST_CLASS,2016-08-07,2016-08-09,2016-08-08
CNSHA,USA,STANDARD_CLASS,2016-08-07,2016-08-11,2016-08-11
CNSHA,USA,STANDARD_CLASS,2016-08-07,2016-08-12,2016-08-11
CNSHA,USA,STANDARD_CLASS,2016-08-07,2016-08-12,2016-08-11
CNSHA,USA,SECOND_CLASS,2016-08-07,2016-08-13,2016-08-09
CNSHA,USA,STANDARD_CLASS,2016-08-07,2016-08-12,2016-08-11
CNSHA,USA,STANDARD_CLASS,2016-08-07,2016-08-11,2016-08-11
CNSHA,USA,FIRST_CLASS,2016-08-07,2016-08-09,2016-08-08
CNSHA,USA,STANDARD_CLASS,2016-08-07,2016-08-10,2016-08-11
CNSHA,USA,SECOND_CLASS,2016-08-07,2016-08-11,2016-08-09
CNSHA,USA,STANDARD_CLASS,2016-08-07,2016-08-11,2016-08-11
CNSHA,USA,STANDARD_CLASS,2016-08-07,2016-08-11,2016-08-11
CNSHA,USA,STANDARD_CLASS,2016-08-07,2016-08-12,2016-08-11
CNSHA,USA,FIRST_CLASS,2016-08-07,2016-08-09,2016-08-08
CNSHA,USA,FIRST_CLASS,2016-08-07,2016-08-09,2016-08-08
CNSHA,USA,STANDARD_CLASS,2016-08-07,2016-08-13,2016-08-11
CNSHA,USA,SECOND_CLASS,2016-08-07,2016-08-11,2016-08-09
CNSHA,USA,FIRST_CLASS,2016-08-07,2016-08-09,2016-08-08
CNSHA,USA,SECOND_CLASS,2016-08-07,2016-08-11,2016-08-09
CNSHA,USA,SECOND_CLASS,2016-08-07,2016-08-10,2016-08-09
CNSHA,USA,FIRST_CLASS,2016-08-07,2016-08-09,2016-08-08
CNSHA,USA,STANDARD_CLASS,2016-08-07,2016-08-09,2016-08-11
CNSHA,USA,STANDARD_CLASS,2016-08-07,2016-08-12,2016-08-11
CNSHA,USA,FIRST_CLASS,2016-08-07,2016-08-09,2016-08-08
CNSHA,USA,FIRST_CLASS,2016-08-07,2016-08-09,2016-08-08
CNSHA,USA,SECOND_CLASS,2016-08-07,2016-08-09,2016-08-09
CNSHA,USA,STANDARD_CLASS,2016-08-07,2016-08-09,2016-08-11
CNSHA,USA,STANDARD_CLASS,2016-08-07,2016-08-10,2016-08-11
CNSHA,USA,SECOND_CLASS,2016-08-08,2016-08-12,2016-08-10
CNSHA,USA,STANDARD_CLASS,2016-08-08,2016-08-12,2016-08-12
CNSHA,USA,STANDARD_CLASS,2016-08-08,2016-08-13,2016-08-12
CNSHA,USA,STANDARD_CLASS,2016-08-08,2016-08-11,2016-08-12
CNSHA,USA,SECOND_CLASS,2016-08-08,2016-08-12,2016-08-10
CNSHA,USA,STANDARD_CLASS,2016-08-08,2016-08-11,2016-08-12
CNSHA,USA,STANDARD_CLASS,2016-08-08,2016-08-13,2016-08-12
CNSHA,USA,SECOND_CLASS,2016-08-08,2016-08-14,2016-08-10
CNSHA,USA,STANDARD_CLASS,2016-08-08,2016-08-12,2016-08-12
CNSHA,USA,SAME_DAY,2016-08-08,2016-08-09,2016-08-08
CNSHA,USA,SECOND_CLASS,2016-08-08,2016-08-14,2016-08-10
CNSHA,USA,STANDARD_CLASS,2016-08-08,2016-08-10,2016-08-12
CNSHA,USA,STANDARD_CLASS,2016-08-08,2016-08-12,2016-08-12
CNSHA,USA,STANDARD_CLASS,2016-08-08,2016-08-13,2016-08-12
CNSHA,USA,STANDARD_CLASS,2016-08-08,2016-08-12,2016-08-12
CNSHA,USA,STANDARD_CLASS,2016-08-08,2016-08-14,2016-08-12
CNSHA,USA,SECOND_CLASS,2016-08-08,2016-08-14,2016-08-10
CNSHA,USA,SECOND_CLASS,2016-08-08,2016-08-11,2016-08-10
CNSHA,USA,STANDARD_CLASS,2016-08-08,2016-08-10,2016-08-12
CNSHA,USA,STANDARD_CLASS,2016-08-08,2016-08-13,2016-08-12
CNSHA,USA,STANDARD_CLASS,2016-08-08,2016-08-11,2016-08-12
CNSHA,USA,SECOND_CLASS,2016-08-09,2016-08-12,2016-08-11
CNSHA,USA,FIRST_CLASS,2016-08-09,2016-08-11,2016-08-10
CNSHA,USA,STANDARD_CLASS,2016-08-09,2016-08-15,2016-08-13
CNSHA,USA,STANDARD_CLASS,2016-08-09,2016-08-12,2016-08-13
CNSHA,USA,STANDARD_CLASS,2016-08-09,2016-08-13,2016-08-13
CNSHA,USA,FIRST_CLASS,2016-08-09,2016-08-11,2016-08-10
CNSHA,USA,STANDARD_CLASS,2016-08-09,2016-08-11,2016-08-13
CNSHA,USA,STANDARD_CLASS,2016-08-09,2016-08-12,2016-08-13
CNSHA,USA,STANDARD_CLASS,2016-08-09,2016-08-11,2016-08-13
CNSHA,USA,SECOND_CLASS,2016-08-09,2016-08-12,2016-08-11
CNSHA,USA,STANDARD_CLASS,2016-08-09,2016-08-11,2016-08-13
CNSHA,USA,STANDARD_CLASS,2016-08-09,2016-08-14,2016-08-13
CNSHA,USA,STANDARD_CLASS,2016-08-09,2016-08-13,2016-08-13
CNSHA,USA,STANDARD_CLASS,2016-08-09,2016-08-12,2016-08-13
CNSHA,USA,STANDARD_CLASS,2016-08-09,2016-08-11,2016-08-13
CNSHA,USA,SAME_DAY,2016-08-09,2016-08-09,2016-08-09
CNSHA,USA,STANDARD_CLASS,2016-08-09,2016-08-11,2016-08-13
CNSHA,USA,STANDARD_CLASS,2016-08-09,2016-08-11,2016-08-13
CNSHA,USA,STANDARD_CLASS,2016-08-09,2016-08-13,2016-08-13
CNSHA,USA,STANDARD_CLASS,2016-08-09,2016-08-12,2016-08-13
CNSHA,USA,STANDARD_CLASS,2016-08-09,2016-08-12,2016-08-13
CNSHA,USA,STANDARD_CLASS,2016-08-09,2016-08-14,2016-08-13
CNSHA,USA,STANDARD_CLASS,2016-08-09,2016-08-11,2016-08-13
CNSHA,USA,SAME_DAY,2016-08-09,2016-08-09,2016-08-09
CNSHA,USA,STANDARD_CLASS,2016-08-09,2016-08-14,2016-08-13
CNSHA,USA,STANDARD_CLASS,2016-08-10,2016-08-12,2016-08-14
CNSHA,USA,STANDARD_CLASS,2016-08-10,2016-08-16,2016-08-14
CNSHA,USA,STANDARD_CLASS,2016-08-10,2016-08-13,2016-08-14
CNSHA,USA,STANDARD_CLASS,2016-08-10,2016-08-13,2016-08-14
CNSHA,USA,STANDARD_CLASS,2016-08-10,2016-08-16,2016-08-14
CNSHA,USA,STANDARD_CLASS,2016-08-10,2016-08-12,2016-08-14
CNSHA,USA,STANDARD_CLASS,2016-08-10,2016-08-16,2016-08-14
CNSHA,USA,STANDARD_CLASS,2016-08-10,2016-08-15,2016-08-14
CNSHA,USA,STANDARD_CLASS,2016-08-10,2016-08-15,2016-08-14
CNSHA,USA,FIRST_CLASS,2016-08-10,2016-08-12,2016-08-11
CNSHA,USA,STANDARD_CLASS,2016-08-10,2016-08-15,2016-08-14
CNSHA,USA,STANDARD_CLASS,2016-08-10,2016-08-13,2016-08-14
CNSHA,USA,STANDARD_CLASS,2016-08-10,2016-08-13,2016-08-14
CNSHA,USA,STANDARD_CLASS,2016-08-10,2016-08-16,2016-08-14
CNSHA,USA,STANDARD_CLASS,2016-08-10,2016-08-14,2016-08-14
CNSHA,USA,STANDARD_CLASS,2016-08-10,2016-08-12,2016-08-14
CNSHA,USA,SECOND_CLASS,2016-08-10,2016-08-15,2016-08-12
CNSHA,USA,SECOND_CLASS,2016-08-10,2016-08-15,2016-08-12
CNSHA,USA,SAME_DAY,2016-08-10,2016-08-10,2016-08-10
CNSHA,USA,SECOND_CLASS,2016-08-10,2016-08-16,2016-08-12
CNSHA,USA,STANDARD_CLASS,2016-08-10,2016-08-16,2016-08-14
CNSHA,USA,STANDARD_CLASS,2016-08-10,2016-08-12,2016-08-14
CNSHA,USA,SECOND_CLASS,2016-08-10,2016-08-12,2016-08-12
CNSHA,USA,STANDARD_CLASS,2016-08-10,2016-08-13,2016-08-14
CNSHA,USA,STANDARD_CLASS,2016-08-10,2016-08-16,2016-08-14
CNSHA,USA,SECOND_CLASS,2016-08-10,2016-08-16,2016-08-12
CNSHA,USA,FIRST_CLASS,2016-08-10,2016-08-12,2016-08-11
CNSHA,USA,STANDARD_CLASS,2016-08-10,2016-08-12,2016-08-14
CNSHA,USA,STANDARD_CLASS,2016-08-11,2016-08-14,2016-08-15
CNSHA,USA,SECOND_CLASS,2016-08-11,2016-08-15,2016-08-13
CNSHA,USA,STANDARD_CLASS,2016-08-11,2016-08-15,2016-08-15
CNSHA,USA,STANDARD_CLASS,2016-08-11,2016-08-16,2016-08-15
CNSHA,USA,STANDARD_CLASS,2016-08-11,2016-08-14,2016-08-15
CNSHA,USA,STANDARD_CLASS,2016-08-11,2016-08-16,2016-08-15
CNSHA,USA,SAME_DAY,2016-08-11,2016-08-11,2016-08-11
CNSHA,USA,FIRST_CLASS,2016-08-11,2016-08-13,2016-08-12
CNSHA,USA,FIRST_CLASS,2016-08-11,2016-08-13,2016-08-12
CNSHA,USA,STANDARD_CLASS,2016-08-11,2016-08-13,2016-08-15
CNSHA,USA,STANDARD_CLASS,2016-08-11,2016-08-14,2016-08-15
CNSHA,USA,STANDARD_CLASS,2016-08-11,2016-08-17,2016-08-15
CNSHA,USA,STANDARD_CLASS,2016-08-11,2016-08-14,2016-08-15
CNSHA,USA,STANDARD_CLASS,2016-08-11,2016-08-13,2016-08-15
CNSHA,USA,SECOND_CLASS,2016-08-11,2016-08-16,2016-08-13
CNSHA,USA,STANDARD_CLASS,2016-08-11,2016-08-16,2016-08-15
CNSHA,USA,STANDARD_CLASS,2016-08-11,2016-08-13,2016-08-15
CNSHA,USA,SECOND_CLASS,2016-08-11,2016-08-14,2016-08-13
CNSHA,USA,SECOND_CLASS,2016-08-11,2016-08-14,2016-08-13
CNSHA,USA,STANDARD_CLASS,2016-08-11,2016-08-14,2016-08-15
CNSHA,USA,STANDARD_CLASS,2016-08-11,2016-08-14,2016-08-15
CNSHA,USA,SECOND_CLASS,2016-08-11,2016-08-15,2016-08-13
CNSHA,USA,SECOND_CLASS,2016-08-11,2016-08-13,2016-08-13
CNSHA,USA,SECOND_CLASS,2016-08-11,2016-08-16,2016-08-13
CNSHA,USA,STANDARD_CLASS,2016-08-11,2016-08-17,2016-08-15
CNSHA,USA,SECOND_CLASS,2016-08-11,2016-08-14,2016-08-13
CNSHA,USA,STANDARD_CLASS,2016-08-11,2016-08-17,2016-08-15
CNSHA,USA,STANDARD_CLASS,2016-08-11,2016-08-17,2016-08-15
CNSHA,USA,STANDARD_CLASS,2016-08-11,2016-08-13,2016-08-15
CNSHA,USA,SECOND_CLASS,2016-08-11,2016-08-16,2016-08-13
CNSHA,USA,STANDARD_CLASS,2016-08-11,2016-08-14,2016-08-15
CNSHA,USA,STANDARD_CLASS,2016-08-11,2016-08-17,2016-08-15
CNSHA,USA,STANDARD_CLASS,2016-08-11,2016-08-13,2016-08-15
CNSHA,USA,SECOND_CLASS,2016-08-12,2016-08-15,2016-08-14
CNSHA,USA,FIRST_CLASS,2016-08-12,2016-08-14,2016-08-13
CNSHA,USA,SECOND_CLASS,2016-08-12,2016-08-16,2016-08-14
CNSHA,USA,SECOND_CLASS,2016-08-12,2016-08-18,2016-08-14
CNSHA,USA,SECOND_CLASS,2016-08-12,2016-08-16,2016-08-14
CNSHA,USA,SECOND_CLASS,2016-08-12,2016-08-14,2016-08-14
CNSHA,USA,SECOND_CLASS,2016-08-12,2016-08-14,2016-08-14
CNSHA,USA,STANDARD_CLASS,2016-08-12,2016-08-18,2016-08-16
CNSHA,USA,STANDARD_CLASS,2016-08-12,2016-08-16,2016-08-16
CNSHA,USA,STANDARD_CLASS,2016-08-12,2016-08-16,2016-08-16
CNSHA,USA,SECOND_CLASS,2016-08-12,2016-08-16,2016-08-14
CNSHA,USA,STANDARD_CLASS,2016-08-12,2016-08-16,2016-08-16
CNSHA,USA,STANDARD_CLASS,2016-08-12,2016-08-17,2016-08-16
CNSHA,USA,STANDARD_CLASS,2016-08-12,2016-08-14,2016-08-16
CNSHA,USA,SECOND_CLASS,2016-08-12,2016-08-18,2016-08-14
CNSHA,USA,FIRST_CLASS,2016-08-12,2016-08-14,2016-08-13
CNSHA,USA,STANDARD_CLASS,2016-08-12,2016-08-16,2016-08-16
CNSHA,USA,STANDARD_CLASS,2016-08-12,2016-08-14,2016-08-16
CNSHA,USA,STANDARD_CLASS,2016-08-12,2016-08-15,2016-08-16
CNSHA,USA,STANDARD_CLASS,2016-08-12,2016-08-14,2016-08-16
CNSHA,USA,STANDARD_CLASS,2016-08-12,2016-08-15,2016-08-16
CNSHA,USA,STANDARD_CLASS,2016-08-12,2016-08-18,2016-08-16
CNSHA,USA,STANDARD_CLASS,2016-08-12,2016-08-16,2016-08-16
CNSHA,USA,STANDARD_CLASS,2016-08-12,2016-08-15,2016-08-16
CNSHA,USA,STANDARD_CLASS,2016-08-12,2016-08-17,2016-08-16
CNSHA,USA,SECOND_CLASS,2016-08-13,2016-08-17,2016-08-15
CNSHA,USA,STANDARD_CLASS,2016-08-13,2016-08-15,2016-08-17
CNSHA,USA,SECOND_CLASS,2016-08-13,2016-08-15,2016-08-15
CNSHA,USA,STANDARD_CLASS,2016-08-13,2016-08-15,2016-08-17
CNSHA,USA,STANDARD_CLASS,2016-08-13,2016-08-16,2016-08-17
CNSHA,USA,STANDARD_CLASS,2016-08-13,2016-08-17,2016-08-17
CNSHA,USA,STANDARD_CLASS,2016-08-13,2016-08-17,2016-08-17
CNSHA,USA,STANDARD_CLASS,2016-08-13,2016-08-16,2016-08-17
CNSHA,USA,SECOND_CLASS,2016-08-13,2016-08-16,2016-08-15
CNSHA,USA,SECOND_CLASS,2016-08-13,2016-08-16,2016-08-15
CNSHA,USA,STANDARD_CLASS,2016-08-13,2016-08-16,2016-08-17
CNSHA,USA,STANDARD_CLASS,2016-08-13,2016-08-18,2016-08-17
CNSHA,USA,SECOND_CLASS,2016-08-13,2016-08-15,2016-08-15
CNSHA,USA,SECOND_CLASS,2016-08-13,2016-08-19,2016-08-15
CNSHA,USA,SECOND_CLASS,2016-08-13,2016-08-17,2016-08-15
CNSHA,USA,STANDARD_CLASS,2016-08-13,2016-08-17,2016-08-17
CNSHA,USA,STANDARD_CLASS,2016-08-13,2016-08-16,2016-08-17
CNSHA,USA,STANDARD_CLASS,2016-08-13,2016-08-17,2016-08-17
CNSHA,USA,STANDARD_CLASS,2016-08-13,2016-08-17,2016-08-17
CNSHA,USA,STANDARD_CLASS,2016-08-13,2016-08-15,2016-08-17
CNSHA,USA,STANDARD_CLASS,2016-08-13,2016-08-19,2016-08-17
CNSHA,USA,STANDARD_CLASS,2016-08-13,2016-08-18,2016-08-17
CNSHA,USA,STANDARD_CLASS,2016-08-13,2016-08-15,2016-08-17
CNSHA,USA,STANDARD_CLASS,2016-08-13,2016-08-18,2016-08-17
CNSHA,USA,STANDARD_CLASS,2016-08-13,2016-08-15,2016-08-17
CNSHA,USA,STANDARD_CLASS,2016-08-13,2016-08-15,2016-08-17
CNSHA,USA,STANDARD_CLASS,2016-08-13,2016-08-18,2016-08-17
CNSHA,USA,SECOND_CLASS,2016-08-13,2016-08-15,2016-08-15
CNSHA,USA,STANDARD_CLASS,2016-08-13,2016-08-17,2016-08-17
CNSHA,USA,SECOND_CLASS,2016-08-13,2016-08-15,2016-08-15
CNSHA,USA,STANDARD_CLASS,2016-08-14,2016-08-17,2016-08-18
CNSHA,USA,FIRST_CLASS,2016-08-14,2016-08-16,2016-08-15
CNSHA,USA,STANDARD_CLASS,2016-08-14,2016-08-20,2016-08-18
CNSHA,USA,STANDARD_CLASS,2016-08-14,2016-08-16,2016-08-18
CNSHA,USA,STANDARD_CLASS,2016-08-14,2016-08-19,2016-08-18
CNSHA,USA,STANDARD_CLASS,2016-08-14,2016-08-20,2016-08-18
CNSHA,USA,STANDARD_CLASS,2016-08-14,2016-08-19,2016-08-18
CNSHA,USA,STANDARD_CLASS,2016-08-14,2016-08-16,2016-08-18
CNSHA,USA,SECOND_CLASS,2016-08-14,2016-08-16,2016-08-16
CNSHA,USA,STANDARD_CLASS,2016-08-14,2016-08-18,2016-08-18
CNSHA,USA,FIRST_CLASS,2016-08-14,2016-08-16,2016-08-15
CNSHA,USA,FIRST_CLASS,2016-08-14,2016-08-16,2016-08-15
CNSHA,USA,STANDARD_CLASS,2016-08-14,2016-08-16,2016-08-18
CNSHA,USA,STANDARD_CLASS,2016-08-14,2016-08-18,2016-08-18
CNSHA,USA,STANDARD_CLASS,2016-08-14,2016-08-16,2016-08-18
CNSHA,USA,STANDARD_CLASS,2016-08-14,,2016-08-18
CNSHA,USA,STANDARD_CLASS,2016-08-14,,2016-08-18
CNSHA,USA,SECOND_CLASS,2016-08-14,,2016-08-16
CNSHA,USA,SECOND_CLASS,2016-08-14,,2016-08-16
CNSHA,USA,SECOND_CLASS,2016-08-14,,2016-08-16
CNSHA,USA,FIRST_CLASS,2016-08-14,,2016-08-15
CNSHA,USA,STANDARD_CLASS,2016-08-14,,2016-08-18
CNSHA,USA,STANDARD_CLASS,2016-08-14,,2016-08-18
CNSHA,USA,STANDARD_CLASS,2016-08-14,,2016-08-18
CNSHA,USA,SAME_DAY,2016-08-14,,2016-08-14
CNSHA,USA,STANDARD_CLASS,2016-08-15,,2016-08-19
CNSHA,USA,SECOND_CLASS,2016-08-15,,2016-08-17
CNSHA,USA,STANDARD_CLASS,2016-08-15,,2016-08-19
CNSHA,USA,STANDARD_CLASS,2016-08-15,,2016-08-19
CNSHA,USA,STANDARD_CLASS,2016-08-15,,2016-08-19
CNSHA,USA,STANDARD_CLASS,2016-08-15,,2016-08-19
CNSHA,USA,STANDARD_CLASS,2016-08-15,,2016-08-19
CNSHA,USA,SAME_DAY,2016-08-15,,2016-08-15
CNSHA,USA,STANDARD_CLASS,2016-08-15,,2016-08-19
CNSHA,USA,SAME_DAY,2016-08-15,,2016-08-15
CNSHA,USA,SECOND_CLASS,2016-08-15,,2016-08-17
CNSHA,USA,STANDARD_CLASS,2016-08-15,,2016-08-19
CNSHA,USA,FIRST_CLASS,2016-08-15,,2016-08-16
CNSHA,USA,STANDARD_CLASS,2016-08-15,,2016-08-19
CNSHA,USA,STANDARD_CLASS,2016-08-15,,2016-08-19
CNSHA,USA,STANDARD_CLASS,2016-08-15,,2016-08-19
CNSHA,USA,STANDARD_CLASS,2016-08-15,,2016-08-19
CNSHA,USA,STANDARD_CLASS,2016-08-15,,2016-08-19
CNSHA,USA,FIRST_CLASS,2016-08-15,,2016-08-16
CNSHA,USA,SECOND_CLASS,2016-08-15,,2016-08-17
CNSHA,USA,STANDARD_CLASS,2016-08-15,,2016-08-19
CNSHA,USA,STANDARD_CLASS,2016-08-15,,2016-08-19
CNSHA,USA,SECOND_CLASS,2016-08-15,,2016-08-17
CNSHA,USA,SECOND_CLASS,2016-08-15,,2016-08-17
CNSHA,USA,SECOND_CLASS,2016-08-15,,2016-08-17
CNSHA,USA,STANDARD_CLASS,2016-08-15,,2016-08-19
CNSHA,USA,SAME_DAY,2016-08-15,,2016-08-15
CNSHA,USA,STANDARD_CLASS,2016-08-15,,2016-08-19
CNSHA,USA,FIRST_CLASS,2016-08-16,,2016-08-17
CNSHA,USA,STANDARD_CLASS,2016-08-16,,2016-08-20
CNSHA,USA,SECOND_CLASS,2016-08-16,,2016-08-18
CNSHA,USA,FIRST_CLASS,2016-08-16,,2016-08-17
CNSHA,USA,STANDARD_CLASS,2016-08-16,,2016-08-20
CNSHA,USA,SECOND_CLASS,2016-08-16,,2016-08-18
CNSHA,USA,STANDARD_CLASS,2016-08-16,,2016-08-20
CNSHA,USA,STANDARD_CLASS,2016-08-16,,2016-08-20
CNSHA,USA,STANDARD_CLASS,2016-08-16,,2016-08-20
CNSHA,USA,FIRST_CLASS,2016-08-16,,2016-08-17
CNSHA,USA,FIRST_CLASS,2016-08-16,,2016-08-17
CNSHA,USA,FIRST_CLASS,2016-08-16,,2016-08-17
CNSHA,USA,FIRST_CLASS,2016-08-16,,2016-08-17
CNSHA,USA,STANDARD_CLASS,2016-08-16,,2016-08-20
CNSHA,USA,FIRST_CLASS,2016-08-16,,2016-08-17
CNSHA,USA,SAME_DAY,2016-08-16,,2016-08-16
CNSHA,USA,FIRST_CLASS,2016-08-16,,2016-08-17
CNSHA,USA,STANDARD_CLASS,2016-08-16,,2016-08-20
CNSHA,USA,STANDARD_CLASS,2016-08-16,,2016-08-20
CNSHA,USA,STANDARD_CLASS,2016-08-16,,2016-08-20
CNSHA,USA,STANDARD_CLASS,2016-08-16,,2016-08-20
CNSHA,USA,STANDARD_CLASS,2016-08-16,,2016-08-20
CNSHA,USA,STANDARD_CLASS,2016-08-16,,2016-08-20
CNSHA,USA,STANDARD_CLASS,2016-08-16,,2016-08-20
CNSHA,USA,STANDARD_CLASS,2016-08-16,,2016-08-20
CNSHA,USA,STANDARD_CLASS,2016-08-16,,2016-08-20
CNSHA,USA,SECOND_CLASS,2016-08-16,,2016-08-18
CNSHA,USA,FIRST_CLASS,2016-08-16,,2016-08-17
CNSHA,USA,STANDARD_CLASS,2016-08-16,,2016-08-20
CNSHA,USA,SECOND_CLASS,2016-08-17,,2016-08-19
CNSHA,USA,STANDARD_CLASS,2016-08-17,,2016-08-21
CNSHA,USA,STANDARD_CLASS,2016-08-17,,2016-08-21
CNSHA,USA,STANDARD_CLASS,2016-08-17,,2016-08-21
CNSHA,USA,FIRST_CLASS,2016-08-17,,2016-08-18
CNSHA,USA,FIRST_CLASS,2016-08-17,,2016-08-18
CNSHA,USA,FIRST_CLASS,2016-08-17,,2016-08-18
CNSHA,USA,FIRST_CLASS,2016-08-17,,2016-08-18
CNSHA,USA,STANDARD_CLASS,2016-08-17,,2016-08-21
CNSHA,USA,STANDARD_CLASS,2016-08-17,,2016-08-21
CNSHA,USA,STANDARD_CLASS,2016-08-17,,2016-08-21
CNSHA,USA,STANDARD_CLASS,2016-08-17,,2016-08-21
CNSHA,USA,SECOND_CLASS,2016-08-17,,2016-08-19
CNSHA,USA,STANDARD_CLASS,2016-08-17,,2016-08-21
CNSHA,USA,SECOND_CLASS,2016-08-17,,2016-08-19
CNSHA,USA,STANDARD_CLASS,2016-08-17,,2016-08-21
CNSHA,USA,STANDARD_CLASS,2016-08-17,,2016-08-21
CNSHA,USA,STANDARD_CLASS,2016-08-17,,2016-08-21
CNSHA,USA,STANDARD_CLASS,2016-08-17,,2016-08-21
CNSHA,USA,STANDARD_CLASS,2016-08-17,,2016-08-21
CNSHA,USA,FIRST_CLASS,2016-08-17,,2016-08-18
CNSHA,USA,STANDARD_CLASS,2016-08-17,,2016-08-21
CNSHA,USA,STANDARD_CLASS,2016-08-17,,2016-08-21
CNSHA,USA,STANDARD_CLASS,2016-08-17,,2016-08-21
CNSHA,USA,SAME_DAY,2016-08-17,,2016-08-17
CNSHA,USA,STANDARD_CLASS,2016-08-17,,2016-08-21
CNSHA,USA,STANDARD_CLASS,2016-08-18,,2016-08-22
CNSHA,USA,STANDARD_CLASS,2016-08-18,,2016-08-22
CNSHA,USA,STANDARD_CLASS,2016-08-18,,2016-08-22
CNSHA,USA,STANDARD_CLASS,2016-08-18,,2016-08-22
CNSHA,USA,SECOND_CLASS,2016-08-18,,2016-08-20
CNSHA,USA,STANDARD_CLASS,2016-08-18,,2016-08-22
CNSHA,USA,STANDARD_CLASS,2016-08-18,,2016-08-22
CNSHA,USA,STANDARD_CLASS,2016-08-18,,2016-08-22
CNSHA,USA,STANDARD_CLASS,2016-08-18,,2016-08-22
CNSHA,USA,STANDARD_CLASS,2016-08-18,,2016-08-22
CNSHA,USA,STANDARD_CLASS,2016-08-18,,2016-08-22
CNSHA,USA,SECOND_CLASS,2016-08-18,,2016-08-20
CNSHA,USA,STANDARD_CLASS,2016-08-18,,2016-08-22
CNSHA,USA,STANDARD_CLASS,2016-08-18,,2016-08-22
CNSHA,USA,STANDARD_CLASS,2016-08-18,,2016-08-22
CNSHA,USA,STANDARD_CLASS,2016-08-18,,2016-08-22
CNSHA,USA,STANDARD_CLASS,2016-08-18,,2016-08-22
CNSHA,USA,STANDARD_CLASS,2016-08-18,,2016-08-22
CNSHA,USA,STANDARD_CLASS,2016-08-18,,2016-08-22
CNSHA,USA,SECOND_CLASS,2016-08-18,,2016-08-20
CNSHA,USA,STANDARD_CLASS,2016-08-18,,2016-08-22
CNSHA,USA,STANDARD_CLASS,2016-08-18,,2016-08-22
CNSHA,USA,STANDARD_CLASS,2016-08-18,,2016-08-22
CNSHA,USA,SECOND_CLASS,2016-08-18,,2016-08-20
CNSHA,USA,STANDARD_CLASS,2016-08-18,,2016-08-22
CNSHA,USA,STANDARD_CLASS,2016-08-18,,2016-08-22
CNSHA,USA,STANDARD_CLASS,2016-08-18,,2016-08-22
CNSHA,USA,FIRST_CLASS,2016-08-18,,2016-08-19
CNSHA,USA,STANDARD_CLASS,2016-08-19,,2016-08-23
CNSHA,USA,STANDARD_CLASS,2016-08-19,,2016-08-23
CNSHA,USA,STANDARD_CLASS,2016-08-19,,2016-08-23
CNSHA,USA,STANDARD_CLASS,2016-08-19,,2016-08-23
CNSHA,USA,FIRST_CLASS,2016-08-19,,2016-08-20
CNSHA,USA,STANDARD_CLASS,2016-08-19,,2016-08-23
CNSHA,USA,SECOND_CLASS,2016-08-19,,2016-08-21
CNSHA,USA,STANDARD_CLASS,2016-08-19,,2016-08-23
CNSHA,USA,STANDARD_CLASS,2016-08-19,,2016-08-23
CNSHA,USA,SECOND_CLASS,2016-08-19,,2016-08-21
CNSHA,USA,STANDARD_CLASS,2016-08-19,,2016-08-23
CNSHA,USA,STANDARD_CLASS,2016-08-19,,2016-08-23
CNSHA,USA,STANDARD_CLASS,2016-08-19,,2016-08-23
CNSHA,USA,STANDARD_CLASS,2016-08-19,,2016-08-23
CNSHA,USA,SECOND_CLASS,2016-08-19,,2016-08-21
CNSHA,USA,SECOND_CLASS,2016-08-19,,2016-08-21
CNSHA,USA,SECOND_CLASS,2016-08-19,,2016-08-21
CNSHA,USA,STANDARD_CLASS,2016-08-19,,2016-08-23
CNSHA,USA,SECOND_CLASS,2016-08-19,,2016-08-21
CNSHA,USA,STANDARD_CLASS,2016-08-19,,2016-08-23
CNSHA,USA,STANDARD_CLASS,2016-08-19,,2016-08-23
CNSHA,USA,STANDARD_CLASS,2016-08-19,,2016-08-23
CNSHA,USA,FIRST_CLASS,2016-08-19,,2016-08-20
CNSHA,USA,STANDARD_CLASS,2016-08-19,,2016-08-23
CNSHA,USA,STANDARD_CLASS,2016-08-19,,2016-08-23
CNSHA,USA,STANDARD_CLASS,2016-08-19,,2016-08-23
CNSHA,USA,FIRST_CLASS,2016-08-19,,2016-08-20
CNSHA,USA,STANDARD_CLASS,2016-08-20,,2016-08-24
CNSHA,USA,STANDARD_CLASS,2016-08-20,,2016-08-24
CNSHA,USA,SAME_DAY,2016-08-20,,2016-08-20
CNSHA,USA,SECOND_CLASS,2016-08-20,,2016-08-22
CNSHA,USA,STANDARD_CLASS,2016-08-20,,2016-08-24
CNSHA,USA,STANDARD_CLASS,2016-08-20,,2016-08-24
CNSHA,USA,FIRST_CLASS,2016-08-20,,2016-08-21
CNSHA,USA,STANDARD_CLASS,2016-08-20,,2016-08-24
CNSHA,USA,SAME_DAY,2016-08-20,,2016-08-20
CNSHA,USA,FIRST_CLASS,2016-08-20,,2016-08-21
CNSHA,USA,STANDARD_CLASS,2016-08-20,,2016-08-24
CNSHA,USA,SECOND_CLASS,2016-08-20,,2016-08-22
CNSHA,USA,STANDARD_CLASS,2016-08-20,,2016-08-24
CNSHA,USA,SAME_DAY,2016-08-20,,2016-08-20
CNSHA,USA,STANDARD_CLASS,2016-08-20,,2016-08-24
CNSHA,USA,STANDARD_CLASS,2016-08-20,,2016-08-24
CNSHA,USA,STANDARD_CLASS,2016-08-20,,2016-08-24
CNSHA,USA,FIRST_CLASS,2016-08-20,,2016-08-21
CNSHA,USA,SAME_DAY,2016-08-20,,2016-08-20
CNSHA,USA,SAME_DAY,2016-08-20,,2016-08-20
CNSHA,USA,STANDARD_CLASS,2016-08-20,,2016-08-24
CNSHA,USA,FIRST_CLASS,2016-08-20,,2016-08-21
CNSHA,USA,SECOND_CLASS,2016-08-20,,2016-08-22
CNSHA,USA,SECOND_CLASS,2016-08-20,,2016-08-22
CNSHA,USA,STANDARD_CLASS,2016-08-20,,2016-08-24
CNSHA,USA,STANDARD_CLASS,2016-08-20,,2016-08-24
CNSHA,USA,FIRST_CLASS,2016-08-20,,2016-08-21
CNSHA,USA,SAME_DAY,2016-08-20,,2016-08-20
CNSHA,USA,STANDARD_CLASS,2016-08-20,,2016-08-24
CNSHA,USA,SECOND_CLASS,2016-08-20,,2016-08-22
CNSHA,USA,FIRST_CLASS,2016-08-20,,2016-08-21
CNSHA,USA,FIRST_CLASS,2016-08-20,,2016-08-21
CNSHA,USA,STANDARD_CLASS,2016-08-21,,2016-08-25
CNSHA,USA,STANDARD_CLASS,2016-08-21,,2016-08-25
CNSHA,USA,SAME_DAY,2016-08-21,,2016-08-21
CNSHA,USA,STANDARD_CLASS,2016-08-21,,2016-08-25
CNSHA,USA,STANDARD_CLASS,2016-08-21,,2016-08-25
CNSHA,USA,STANDARD_CLASS,2016-08-21,,2016-08-25
CNSHA,USA,SECOND_CLASS,2016-08-21,,2016-08-23
CNSHA,USA,STANDARD_CLASS,2016-08-21,,2016-08-25
CNSHA,USA,SAME_DAY,2016-08-21,,2016-08-21
CNSHA,USA,SAME_DAY,2016-08-21,,2016-08-21
CNSHA,USA,STANDARD_CLASS,2016-08-21,,2016-08-25
CNSHA,USA,SAME_DAY,2016-08-21,,2016-08-21
CNSHA,USA,STANDARD_CLASS,2016-08-21,,2016-08-25
CNSHA,USA,STANDARD_CLASS,2016-08-21,,2016-08-25
CNSHA,USA,SAME_DAY,2016-08-21,,2016-08-21
CNSHA,USA,SECOND_CLASS,2016-08-21,,2016-08-23
CNSHA,USA,STANDARD_CLASS,2016-08-21,,2016-08-25
CNSHA,USA,SAME_DAY,2016-08-21,,2016-08-21
CNSHA,USA,STANDARD_CLASS,2016-08-21,,2016-08-25
CNSHA,USA,STANDARD_CLASS,2016-08-21,,2016-08-25
CNSHA,USA,SECOND_CLASS,2016-08-21,,2016-08-23
CNSHA,USA,STANDARD_CLASS,2016-08-21,,2016-08-25
CNSHA,USA,SECOND_CLASS,2016-08-21,,2016-08-23
CNSHA,USA,STANDARD_CLASS,2016-08-21,,2016-08-25
CNSHA,USA,STANDARD_CLASS,2016-08-22,,2016-08-26
CNSHA,USA,SECOND_CLASS,2016-08-22,,2016-08-24
CNSHA,USA,SAME_DAY,2016-08-22,,2016-08-22
CNSHA,USA,STANDARD_CLASS,2016-08-22,,2016-08-26
CNSHA,USA,SECOND_CLASS,2016-08-22,,2016-08-24
CNSHA,USA,STANDARD_CLASS,2016-08-22,,2016-08-26
CNSHA,USA,SAME_DAY,2016-08-22,,2016-08-22
CNSHA,USA,STANDARD_CLASS,2016-08-22,,2016-08-26
CNSHA,USA,STANDARD_CLASS,2016-08-22,,2016-08-26
CNSHA,USA,SECOND_CLASS,2016-08-22,,2016-08-24
CNSHA,USA,SECOND_CLASS,2016-08-22,,2016-08-24
CNSHA,USA,SAME_DAY,2016-08-22,,2016-08-22
CNSHA,USA,STANDARD_CLASS,2016-08-22,,2016-08-26
CNSHA,USA,SECOND_CLASS,2016-08-22,,2016-08-24
CNSHA,USA,SECOND_CLASS,2016-08-22,,2016-08-24
CNSHA,USA,STANDARD_CLASS,2016-08-22,,2016-08-26
CNSHA,USA,STANDARD_CLASS,2016-08-22,,2016-08-26
CNSHA,USA,SECOND_CLASS,2016-08-22,,2016-08-24
CNSHA,USA,STANDARD_CLASS,2016-08-22,,2016-08-26
CNSHA,USA,STANDARD_CLASS,2016-08-22,,2016-08-26
CNSHA,USA,FIRST_CLASS,2016-08-22,,2016-08-23
CNSHA,USA,SAME_DAY,2016-08-22,,2016-08-22
CNSHA,USA,SECOND_CLASS,2016-08-22,,2016-08-24
CNSHA,USA,FIRST_CLASS,2016-08-22,,2016-08-23
CNSHA,USA,STANDARD_CLASS,2016-08-22,,2016-08-26
CNSHA,USA,SECOND_CLASS,2016-08-22,,2016-08-24
CNSHA,USA,SECOND_CLASS,2016-08-22,,2016-08-24
CNSHA,USA,STANDARD_CLASS,2016-08-22,,2016-08-26
CNSHA,USA,FIRST_CLASS,2016-08-22,,2016-08-23
CNSHA,USA,STANDARD_CLASS,2016-08-22,,2016-08-26
CNSHA,USA,SECOND_CLASS,2016-08-22,,2016-08-24
CNSHA,USA,SECOND_CLASS,2016-08-22,,2016-08-24
CNSHA,USA,SECOND_CLASS,2016-08-22,,2016-08-24
CNSHA,USA,STANDARD_CLASS,2016-08-22,,2016-08-26
CNSHA,USA,STANDARD_CLASS,2016-08-22,,2016-08-26
CNSHA,USA,STANDARD_CLASS,2016-08-22,,2016-08-26
CNSHA,USA,SECOND_CLASS,2016-08-22,,2016-08-24
CNSHA,USA,SECOND_CLASS,2016-08-22,,2016-08-24
CNSHA,USA,STANDARD_CLASS,2016-08-22,,2016-08-26
CNSHA,USA,STANDARD_CLASS,2016-08-22,,2016-08-26
CNSHA,USA,STANDARD_CLASS,2016-08-22,,2016-08-26
CNSHA,USA,SECOND_CLASS,2016-08-22,,2016-08-24
CNSHA,USA,FIRST_CLASS,2016-08-22,,2016-08-23
CNSHA,USA,STANDARD_CLASS,2016-08-22,,2016-08-26
CNSHA,USA,STANDARD_CLASS,2016-08-22,,2016-08-26
CNSHA,USA,SECOND_CLASS,2016-08-23,,2016-08-25
CNSHA,USA,STANDARD_CLASS,2016-08-23,,2016-08-27
CNSHA,USA,SECOND_CLASS,2016-08-23,,2016-08-25
CNSHA,USA,STANDARD_CLASS,2016-08-23,,2016-08-27
CNSHA,USA,STANDARD_CLASS,2016-08-23,,2016-08-27
CNSHA,USA,SECOND_CLASS,2016-08-23,,2016-08-25
CNSHA,USA,SECOND_CLASS,2016-08-23,,2016-08-25
CNSHA,USA,SAME_DAY,2016-08-23,,2016-08-23
CNSHA,USA,SECOND_CLASS,2016-08-23,,2016-08-25
CNSHA,USA,SECOND_CLASS,2016-08-23,,2016-08-25
CNSHA,USA,STANDARD_CLASS,2016-08-23,,2016-08-27
CNSHA,USA,STANDARD_CLASS,2016-08-23,,2016-08-27
CNSHA,USA,STANDARD_CLASS,2016-08-23,,2016-08-27
CNSHA,USA,SECOND_CLASS,2016-08-23,,2016-08-25
CNSHA,USA,STANDARD_CLASS,2016-08-23,,2016-08-27
CNSHA,USA,STANDARD_CLASS,2016-08-23,,2016-08-27
CNSHA,USA,STANDARD_CLASS,2016-08-23,,2016-08-27
CNSHA,USA,STANDARD_CLASS,2016-08-23,,2016-08-27
CNSHA,USA,STANDARD_CLASS,2016-08-23,,2016-08-27
CNSHA,USA,STANDARD_CLASS,2016-08-23,,2016-08-27
CNSHA,USA,STANDARD_CLASS,2016-08-23,,2016-08-27
CNSHA,USA,STANDARD_CLASS,2016-08-23,,2016-08-27
CNSHA,USA,SECOND_CLASS,2016-08-23,,2016-08-25
CNSHA,USA,STANDARD_CLASS,2016-08-23,,2016-08-27
CNSHA,USA,SECOND_CLASS,2016-08-23,,2016-08-25
CNSHA,USA,STANDARD_CLASS,2016-08-23,,2016-08-27
CNSHA,USA,STANDARD_CLASS,2016-08-23,,2016-08-27
CNSHA,USA,STANDARD_CLASS,2016-08-24,,2016-08-28
CNSHA,USA,STANDARD_CLASS,2016-08-24,,2016-08-28
CNSHA,USA,STANDARD_CLASS,2016-08-24,,2016-08-28
CNSHA,USA,FIRST_CLASS,2016-08-24,,2016-08-25
CNSHA,USA,SAME_DAY,2016-08-24,,2016-08-24
CNSHA,USA,STANDARD_CLASS,2016-08-24,,2016-08-28
CNSHA,USA,FIRST_CLASS,2016-08-24,,2016-08-25
CNSHA,USA,STANDARD_CLASS,2016-08-24,,2016-08-28
CNSHA,USA,STANDARD_CLASS,2016-08-24,,2016-08-28
CNSHA,USA,STANDARD_CLASS,2016-08-24,,2016-08-28
CNSHA,USA,STANDARD_CLASS,2016-08-24,,2016-08-28
CNSHA,USA,STANDARD_CLASS,2016-08-24,,2016-08-28
CNSHA,USA,STANDARD_CLASS,2016-08-24,,2016-08-28
CNSHA,USA,SECOND_CLASS,2016-08-24,,2016-08-26
CNSHA,USA,SECOND_CLASS,2016-08-24,,2016-08-26
CNSHA,USA,SECOND_CLASS,2016-08-24,,2016-08-26
CNSHA,USA,STANDARD_CLASS,2016-08-24,,2016-08-28
CNSHA,USA,FIRST_CLASS,2016-08-24,,2016-08-25
CNSHA,USA,STANDARD_CLASS,2016-08-24,,2016-08-28
CNSHA,USA,STANDARD_CLASS,2016-08-24,,2016-08-28
CNSHA,USA,SECOND_CLASS,2016-08-24,,2016-08-26
CNSHA,USA,STANDARD_CLASS,2016-08-24,,2016-08-28
CNSHA,USA,STANDARD_CLASS,2016-08-24,,2016-08-28
CNSHA,USA,STANDARD_CLASS,2016-08-24,,2016-08-28
CNSHA,USA,STANDARD_CLASS,2016-08-24,,2016-08-28
CNSHA,USA,FIRST_CLASS,2016-08-24,,2016-08-25
CNSHA,USA,FIRST_CLASS,2016-08-24,,2016-08-25
CNSHA,USA,STANDARD_CLASS,2016-08-24,,2016-08-28
CNSHA,USA,STANDARD_CLASS,2016-08-25,,2016-08-29
CNSHA,USA,FIRST_CLASS,2016-08-25,,2016-08-26
CNSHA,USA,SECOND_CLASS,2016-08-25,,2016-08-27
CNSHA,USA,FIRST_CLASS,2016-08-25,,2016-08-26
CNSHA,USA,STANDARD_CLASS,2016-08-25,,2016-08-29
CNSHA,USA,STANDARD_CLASS,2016-08-25,,2016-08-29
CNSHA,USA,STANDARD_CLASS,2016-08-25,,2016-08-29
CNSHA,USA,STANDARD_CLASS,2016-08-25,,2016-08-29
CNSHA,USA,STANDARD_CLASS,2016-08-25,,2016-08-29
CNSHA,USA,STANDARD_CLASS,2016-08-25,,2016-08-29
CNSHA,USA,SECOND_CLASS,2016-08-25,,2016-08-27
CNSHA,USA,STANDARD_CLASS,2016-08-25,,2016-08-29
CNSHA,USA,STANDARD_CLASS,2016-08-25,,2016-08-29
CNSHA,USA,SECOND_CLASS,2016-08-25,,2016-08-27
CNSHA,USA,SECOND_CLASS,2016-08-25,,2016-08-27
CNSHA,USA,SAME_DAY,2016-08-25,,2016-08-25
